Ticker,Sector,Industry,RS (%),1 Week Ago,1 Month Ago,3 Months Ago,6 Months Ago,9 Months Ago,RS Rank (P),Price,MA10,MA30,Volume / VMA10,EPS RS (%),TTM EPS,Rev RS (%),TTM RPS,TTM PE
VST,Utilities,Utilities - Independent Power Producers,67.39,90.41,16.41,54.96,86.36,24.88,100.0,124.89,97.73,87.2,1.08,36.57,1.37,-1.02,39.657,91.16
PLTR,Technology,Software - Infrastructure,60.76,51.87,28.88,20.95,20.17,10.18,99.8,43.16,34.85,27.48,0.77,30.41,0.17,8.62,1.127,253.85
CEG,Utilities,Utilities - Renewable,38.4,51.26,1.86,28.74,50.01,10.46,99.6,265.44,220.36,206.09,0.75,34.13,7.53,-8.31,74.038,35.26
NVDA,Technology,Semiconductors,38.26,30.79,20.64,63.31,54.6,21.82,99.4,134.63,119.69,110.17,0.68,23.67,2.14,23.96,3.91,62.9
FICO,Technology,Software - Application,30.24,27.46,27.8,20.59,10.88,23.15,99.2,1983.68,1833.39,1522.63,0.66,3.02,19.03,7.54,66.77,104.24
TRGP,Energy,Oil & Gas Midstream,29.21,26.9,28.6,19.3,19.67,-0.73,98.99,162.77,148.45,130.02,0.76,12.59,4.75,-14.93,73.064,34.28
AXON,Industrials,Aerospace & Defense,28.91,29.09,19.21,3.01,19.23,7.22,98.79,426.58,384.56,327.87,0.75,-81.63,3.8,10.56,24.079,112.26
IRM,Real Estate,REIT - Specialty,28.04,28.66,30.75,13.36,8.89,5.32,98.59,119.19,113.95,94.9,0.47,-102.93,0.78,4.67,19.885,152.77
HWM,Industrials,Aerospace & Defense,27.74,29.73,28.42,15.51,14.44,7.06,98.39,101.97,97.0,83.63,0.5,12.12,2.25,5.22,17.3,45.32
RCL,Consumer Cyclical,Travel Services,26.68,18.67,13.15,14.91,16.15,28.12,98.19,194.35,169.11,153.81,0.63,33.28,9.17,6.44,59.766,21.19
ANET,Technology,Computer Hardware,25.77,23.56,7.84,31.21,27.52,23.03,97.99,408.62,364.16,328.01,0.77,4.55,7.69,6.32,20.221,53.09
ORCL,Technology,Software - Infrastructure,23.99,21.86,8.95,7.24,-2.16,-9.88,97.79,175.38,153.68,137.05,0.63,3.61,3.89,-1.91,19.553,45.08
AVGO,Technology,Semiconductors,23.64,19.5,1.85,31.2,23.33,21.76,97.59,185.2,165.35,151.75,0.55,-236.04,1.25,10.89,10.429,148.1
KKR,Financial Services,Asset Management,22.78,23.43,18.57,13.32,28.31,25.57,97.38,134.45,125.11,111.04,0.64,-49.93,4.22,-30.76,30.242,31.84
ERIE,Financial Services,Insurance Brokers,22.41,26.9,29.26,-3.7,21.28,17.74,97.18,528.84,508.06,425.76,0.27,20.8,10.17,20.03,76.809,52.0
GE,Industrials,Aerospace & Defense,21.51,22.26,15.98,20.34,41.69,10.77,96.98,188.45,177.02,164.7,0.46,5.74,3.69,-71.03,63.738,51.08
MMM,Industrials,Conglomerates,20.75,23.62,27.75,0.42,-5.19,-3.78,96.78,133.53,131.91,111.09,0.57,384.13,2.57,-23.04,58.822,51.97
TT,Industrials,Building Products & Equipment,18.41,18.2,13.77,13.09,21.86,12.43,96.58,393.56,364.56,335.05,0.62,-17.09,10.23,11.94,82.715,38.47
K,Consumer Defensive,Packaged Foods,18.23,19.32,27.34,-13.71,-13.1,-13.08,96.38,80.56,80.0,65.66,0.3,48.95,2.51,11.0,37.479,32.09
MHK,Consumer Cyclical,"Furnishings, Fixtures & Appliances",17.52,17.65,22.93,-9.53,6.98,-3.76,96.18,156.04,153.71,132.53,0.79,272.56,-5.64,2.38,170.454,
NRG,Utilities,Utilities - Independent Power Producers,17.48,29.27,14.85,22.65,45.4,25.08,95.98,87.79,85.06,79.15,0.64,48.93,9.12,-8.86,132.602,9.63
GLW,Technology,Electronic Components,17.47,15.36,11.96,3.56,-9.84,-13.38,95.77,46.1,42.59,38.6,1.07,-9.18,0.51,4.13,14.554,90.41
CARR,Industrials,Building Products & Equipment,17.35,18.3,9.19,-3.77,-5.65,3.29,95.57,80.75,74.38,66.27,0.64,168.28,3.76,12.07,27.257,21.48
EBAY,Consumer Cyclical,Internet Retail,17.21,18.79,13.87,-0.73,3.02,-11.17,95.37,65.93,61.16,55.55,0.57,-190.15,5.14,0.16,19.729,12.83
UAL,Industrials,Airlines,16.64,16.45,-4.07,-10.9,-16.4,-17.5,95.17,59.76,49.63,49.02,0.78,76.98,8.92,6.98,169.49,6.7
MPWR,Technology,Semiconductors,15.93,18.48,11.97,19.65,5.07,6.08,94.97,926.12,900.71,796.56,0.52,-6.32,8.42,6.35,39.25,109.99
GDDY,Technology,Software - Infrastructure,15.57,13.2,19.42,22.01,25.97,15.99,94.77,161.71,158.79,142.64,0.69,-209.9,12.01,1.35,30.869,13.46
IBM,Technology,Information Technology Services,15.06,12.81,7.84,-6.69,8.92,4.54,94.57,232.61,209.61,188.18,0.8,-18.5,9.07,0.34,68.065,25.64
NCLH,Consumer Cyclical,Travel Services,14.98,2.93,-9.48,-13.22,-3.21,0.32,94.37,22.95,18.87,18.21,0.95,52.18,0.97,3.64,21.224,23.66
META,Communication Services,Internet Content & Information,14.71,18.13,8.16,19.27,38.11,21.98,94.16,584.91,542.89,506.61,0.58,2.59,19.55,3.47,58.612,29.91
MSI,Technology,Communication Equipment,14.57,12.13,16.07,4.12,1.98,-0.87,93.96,463.93,438.1,392.35,0.7,17.8,8.54,0.06,62.57,54.32
BK,Financial Services,Banks - Diversified,14.28,12.31,12.13,1.22,4.9,4.92,93.76,73.99,68.86,62.48,0.69,37.76,4.2,1.72,23.079,17.61
PWR,Industrials,Engineering & Construction,13.73,14.82,0.33,0.07,16.81,1.61,93.56,305.81,279.04,267.63,0.69,-8.78,5.29,0.77,151.024,57.81
NEM,Basic Materials,Gold,13.71,14.18,15.1,-1.4,-12.98,-14.73,93.36,53.38,52.25,45.42,0.61,236.7,-2.75,17.57,14.576,
ZBRA,Technology,Communication Equipment,13.61,13.83,7.21,0.22,-3.43,-14.9,93.16,369.68,349.11,320.95,0.59,93.05,4.44,10.92,84.762,83.26
CBRE,Real Estate,Real Estate Services,13.36,15.81,17.68,-11.42,2.64,0.01,92.96,119.34,117.02,100.6,0.6,-82.09,2.97,0.46,108.23,40.18
WMT,Consumer Defensive,Discount Stores,13.35,15.69,17.74,6.46,-2.23,-6.28,92.76,79.86,77.12,68.83,0.6,13.34,1.92,1.05,82.505,41.58
FTNT,Technology,Software - Infrastructure,13.34,9.13,11.65,-14.78,-2.99,-13.31,92.56,81.47,75.97,66.41,0.64,14.03,1.69,2.81,7.209,48.2
PEG,Utilities,Utilities - Regulated Electric,13.17,18.05,10.17,-0.2,-6.03,-8.2,92.35,88.79,84.22,76.06,0.79,2.66,3.3,-6.5,20.55,26.91
GNRC,Industrials,Specialty Industrial Machinery,12.93,9.63,2.05,-0.45,0.56,-7.03,92.15,166.4,151.16,143.41,1.45,-2.67,3.88,-1.53,66.62,42.89
HAS,Consumer Cyclical,Leisure,12.75,13.41,9.16,-13.86,-13.18,-23.23,91.95,72.16,68.98,62.62,0.68,285.46,-7.47,-14.96,32.685,
CCL,Consumer Cyclical,Travel Services,12.24,0.34,-7.32,-5.0,-10.95,18.57,91.75,20.33,17.22,16.37,1.17,342.6,1.17,28.22,19.351,17.37
DVA,Healthcare,Medical Care Facilities,12.15,14.06,15.6,4.69,14.25,6.59,91.55,160.07,155.69,143.63,0.79,3.08,9.4,1.86,140.585,17.04
PGR,Financial Services,Insurance - Property & Casualty,11.95,14.53,21.56,6.1,21.12,5.95,91.35,251.69,247.26,222.68,0.69,-16.03,11.69,6.14,115.869,21.53
WMB,Energy,Oil & Gas Midstream,11.92,12.66,7.18,0.62,1.1,-0.16,91.15,49.58,45.75,42.39,0.65,-48.38,2.32,-4.79,8.419,21.37
FI,Technology,Information Technology Services,11.72,11.35,9.94,-4.3,7.56,2.03,90.95,187.68,174.73,160.35,0.77,2.77,5.74,2.47,33.272,32.7
LDOS,Technology,Information Technology Services,11.62,14.2,13.9,10.01,12.06,5.2,90.74,164.17,156.13,146.29,0.52,192.14,3.19,2.44,117.706,51.46
WAB,Industrials,Railroads,11.5,12.56,7.05,3.85,13.97,7.48,90.54,183.39,170.83,162.69,0.62,11.76,5.69,2.71,57.691,32.23
CHRW,Industrials,Integrated Freight & Logistics,11.45,10.56,10.21,-11.4,-29.34,-12.96,90.24,107.98,103.12,89.39,0.54,49.05,2.78,1.92,146.763,38.84
URI,Industrials,Rental & Leasing Services,11.45,11.02,4.11,-2.19,26.44,14.39,90.24,800.99,749.56,700.94,0.85,0.15,37.83,1.51,218.916,21.17
PYPL,Financial Services,Credit Services,11.44,12.16,3.28,-16.21,-9.37,-17.56,89.94,79.32,72.91,66.09,0.6,13.2,4.12,0.85,29.012,19.25
NOW,Technology,Software - Application,11.29,9.17,5.97,3.05,10.96,14.89,89.74,944.27,870.7,791.26,0.75,-12.77,5.54,4.75,48.567,170.44
AFL,Financial Services,Insurance - Life,11.1,15.47,16.88,-5.35,-2.16,4.17,89.54,111.5,108.64,94.92,0.7,28.16,9.48,5.33,33.394,11.76
BSX,Healthcare,Medical Devices,11.09,10.32,14.9,8.16,7.45,3.39,89.34,85.94,81.81,76.44,0.86,-43.83,1.23,7.42,10.379,69.86
LMT,Industrials,Aerospace & Defense,11.02,12.79,12.98,-10.97,-11.08,-8.17,89.13,598.53,572.93,504.44,0.56,-3.54,27.53,1.19,292.044,21.74
AXP,Financial Services,Credit Services,11.01,14.28,9.82,6.55,11.69,5.37,88.93,270.75,258.93,241.95,0.79,20.98,13.41,2.46,80.314,20.17
NVR,Consumer Cyclical,Residential Construction,10.94,11.45,14.64,-6.83,7.23,7.85,88.63,9549.14,9237.87,8296.35,0.48,-3.02,484.27,4.24,3172.861,19.72
NFLX,Communication Services,Entertainment,10.94,10.4,11.27,16.38,23.29,10.67,88.63,731.99,691.9,650.59,0.76,19.23,16.0,4.52,83.491,45.75
KMI,Energy,Oil & Gas Midstream,10.88,11.02,5.7,-3.55,-6.4,-4.62,88.33,23.72,21.81,20.23,0.68,-8.69,1.09,-8.02,6.911,21.76
RTX,Industrials,Aerospace & Defense,10.85,13.47,16.52,-3.04,0.52,-13.37,88.13,123.12,120.01,109.24,0.47,-446.68,1.72,8.13,53.197,71.58
PHM,Consumer Cyclical,Residential Construction,10.79,12.57,14.9,-7.12,18.62,28.21,87.93,138.75,134.53,122.13,0.53,13.96,13.1,8.41,78.909,10.59
FIS,Technology,Information Technology Services,10.56,9.23,12.92,3.48,8.33,-3.61,87.73,86.42,82.2,77.01,0.73,25.54,1.01,-0.79,17.242,85.54
BXP,Real Estate,REIT - Office,10.42,9.63,7.9,-17.24,-11.25,6.96,87.53,81.86,76.6,67.33,0.81,87.73,1.06,0.96,21.111,77.22
CTAS,Industrials,Specialty Business Services,10.29,10.52,14.07,4.95,10.42,8.17,87.32,206.16,199.94,182.65,0.56,7.42,3.95,1.35,24.055,52.19
TMUS,Communication Services,Telecom Services,10.24,9.3,8.58,-0.06,-4.33,4.39,87.12,211.49,200.83,180.91,0.53,2.76,7.97,-0.74,67.556,26.53
SYF,Financial Services,Credit Services,10.11,11.74,10.31,9.08,6.24,9.41,86.92,51.61,49.03,46.14,0.56,-19.27,7.16,1.07,21.265,7.21
TYL,Technology,Software - Application,10.0,9.99,18.6,5.03,-9.78,-2.66,86.72,583.86,580.08,514.19,0.79,26.61,4.85,5.85,47.972,120.37
ISRG,Healthcare,Medical Instruments & Supplies,9.88,10.1,16.67,10.31,4.46,1.56,86.52,485.71,481.63,435.1,0.66,-2.93,5.84,5.36,21.452,83.15
VTR,Real Estate,REIT - Healthcare Facilities,9.74,12.04,21.1,-1.02,-16.7,-2.84,86.32,61.6,61.75,52.95,0.46,297.07,-0.37,1.11,11.633,
FOXA,Communication Services,Entertainment,9.62,11.34,14.14,-5.71,-14.12,-14.92,86.12,41.35,40.69,35.88,0.48,42.44,3.13,-12.18,29.247,13.21
VLTO,Industrials,Pollution & Treatment Controls,9.42,10.34,14.72,0.27,0.84,-1.41,85.92,111.93,110.15,100.86,0.62,-0.74,3.21,0.67,20.571,34.87
PNR,Industrials,Specialty Industrial Machinery,9.38,9.97,4.69,-11.0,9.3,3.04,85.71,96.07,90.48,84.13,0.63,9.64,3.96,6.19,24.826,24.26
WELL,Real Estate,REIT - Healthcare Facilities,9.3,12.5,20.24,2.19,-5.07,1.45,85.51,122.73,122.85,107.89,0.6,60.18,1.08,2.11,12.755,113.64
FOX,Communication Services,Entertainment,9.1,10.82,14.24,-5.26,-15.04,-14.57,85.31,38.11,37.68,33.24,0.46,42.44,3.13,-12.18,29.247,12.18
CAT,Industrials,Farm & Heavy Construction Machinery,8.95,9.97,-2.65,-5.4,22.53,5.97,85.11,395.97,361.39,350.36,0.62,-3.24,21.95,-0.22,133.055,18.04
CMI,Industrials,Specialty Industrial Machinery,8.64,9.46,3.25,-8.85,9.75,-7.2,84.91,331.3,311.08,294.03,0.5,49.05,13.95,2.15,243.224,23.75
RL,Consumer Cyclical,Apparel Manufacturing,8.61,8.64,3.54,0.18,14.07,9.0,84.71,198.08,179.89,175.35,0.46,-1.88,10.35,-10.7,103.016,19.14
HCA,Healthcare,Medical Care Facilities,8.45,11.61,18.69,-3.65,3.58,-4.6,84.51,386.08,388.98,348.18,1.08,0.9,21.29,0.91,256.988,18.13
RMD,Healthcare,Medical Instruments & Supplies,8.39,7.92,22.39,-5.83,-10.61,-20.93,84.31,237.1,236.48,214.62,0.51,13.81,6.92,3.62,31.868,34.26
JCI,Industrials,Building Products & Equipment,8.32,7.33,2.68,-3.67,-3.28,-12.62,84.1,76.89,72.54,69.08,0.52,-408.65,2.38,6.6,39.746,32.32
PH,Industrials,Specialty Industrial Machinery,8.25,9.18,6.7,-6.36,18.08,10.89,83.9,630.3,602.74,557.92,0.42,1.32,21.83,3.3,155.085,28.87
ACGL,Financial Services,Insurance - Diversified,8.24,10.01,13.13,-1.0,4.34,-5.46,83.7,113.55,110.1,101.37,1.22,-10.84,14.22,7.37,41.754,7.99
OKE,Energy,Oil & Gas Midstream,8.11,9.03,11.57,-0.96,3.66,0.12,83.5,94.9,90.97,84.01,0.47,16.63,4.52,1.69,34.575,21.0
MTB,Financial Services,Banks - Regional,7.99,9.16,8.64,-6.74,-6.2,-3.18,83.3,177.98,171.32,157.07,0.59,7.86,13.49,-0.2,50.943,13.19
PODD,Healthcare,Medical Devices,7.95,8.39,8.68,-10.12,-34.37,-27.14,83.1,231.17,214.18,193.88,0.39,87.52,5.54,3.54,26.782,41.73
BBY,Consumer Cyclical,Specialty Retail,7.89,10.53,16.98,-6.24,-6.96,-8.97,82.9,97.77,95.14,85.97,0.58,-10.89,5.79,-15.3,196.567,16.89
FFIV,Technology,Software - Infrastructure,7.83,7.9,4.13,-12.88,3.88,3.23,82.7,221.18,207.83,187.2,0.61,1.87,9.28,-0.6,47.111,23.83
HUBB,Industrials,Electrical Equipment & Parts,7.34,5.05,-3.33,-6.23,14.59,2.12,82.49,442.05,403.84,393.62,0.8,13.67,13.53,3.44,103.881,32.67
HIG,Financial Services,Insurance - Property & Casualty,7.33,10.23,15.49,0.25,16.07,3.63,82.29,115.94,114.44,105.81,0.93,-0.23,9.5,1.51,85.093,12.2
NEE,Utilities,Utilities - Regulated Electric,7.03,11.17,13.21,-2.82,-14.12,-18.36,82.09,81.27,81.33,74.63,0.92,-0.66,3.07,-7.29,12.631,26.47
BRO,Financial Services,Insurance Brokers,6.9,10.18,16.13,0.6,3.36,-3.52,81.89,103.17,102.89,93.74,0.74,0.23,3.47,3.41,15.872,29.73
AMP,Financial Services,Asset Management,6.88,6.58,0.54,-1.57,8.51,5.54,81.69,491.74,450.4,435.41,0.54,6.83,29.25,2.86,164.271,16.81
DFS,Financial Services,Credit Services,6.6,9.52,4.89,3.71,6.6,1.0,81.49,142.12,136.06,130.5,0.72,111.78,11.32,6.05,44.386,12.56
NTAP,Technology,Computer Hardware,6.59,6.15,5.92,22.07,14.57,7.04,81.29,124.98,123.02,118.0,0.53,-12.3,5.12,-4.26,30.881,24.41
UHS,Healthcare,Medical Care Facilities,6.58,9.74,27.15,2.04,4.73,2.25,81.09,211.34,226.94,196.94,0.77,22.29,13.61,3.28,221.859,15.53
DHI,Consumer Cyclical,Residential Construction,6.55,8.33,18.73,-13.45,9.51,20.54,80.89,183.36,186.27,163.77,0.55,7.01,14.86,6.06,112.256,12.34
LLY,Healthcare,Drug Manufacturers - General,6.53,4.72,15.11,20.24,21.85,21.34,80.68,908.49,914.79,847.74,0.54,58.47,8.09,15.35,43.227,112.31
GS,Financial Services,Capital Markets,6.47,5.72,10.05,6.92,2.56,4.71,80.48,502.74,496.76,463.42,0.57,8.14,31.17,0.88,145.999,16.13
LYV,Communication Services,Entertainment,6.27,4.64,-7.18,-9.33,3.6,0.31,80.28,113.11,100.98,97.44,0.59,35.69,1.1,0.37,103.854,102.83
CPAY,Technology,Software - Infrastructure,6.16,4.84,1.26,-13.49,3.71,8.5,79.98,336.75,308.72,291.95,0.78,-0.72,13.76,1.39,53.214,24.47
ETR,Utilities,Utilities - Regulated Electric,6.16,9.45,7.44,-10.23,-8.94,-6.17,79.98,129.18,124.57,113.91,0.67,-814.88,8.38,-2.03,56.777,15.42
PKG,Consumer Cyclical,Packaging & Containers,6.12,5.55,6.76,-7.28,7.11,6.64,79.68,215.77,207.38,191.97,0.59,7.94,7.98,3.89,88.988,27.05
COST,Consumer Defensive,Discount Stores,6.02,5.39,12.96,15.37,5.37,11.63,79.48,895.26,886.08,825.48,0.75,1.2,16.55,-9.19,573.203,54.1
CFG,Financial Services,Banks - Regional,6.0,6.79,13.49,-2.17,1.73,-0.67,79.28,41.2,41.24,37.84,0.64,16.77,2.65,-1.84,15.62,15.55
TSCO,Consumer Cyclical,Specialty Retail,5.99,5.84,3.64,-2.56,-0.74,-8.72,79.07,297.33,276.76,271.03,0.82,48.71,10.38,14.65,136.048,28.64
T,Communication Services,Telecom Services,5.88,9.55,12.41,-0.54,-5.35,-4.17,78.87,21.32,20.77,18.83,0.57,9.72,1.74,-3.33,16.993,12.25
PM,Consumer Defensive,Tobacco,5.85,5.41,18.26,-7.04,-16.86,-9.09,78.67,120.07,120.95,107.03,0.54,7.27,5.65,-127.5,23.47,21.24
FITB,Financial Services,Banks - Regional,5.83,5.7,10.54,-1.6,6.71,13.31,78.47,42.55,41.87,38.87,0.64,1.2,3.14,-2.11,11.856,13.55
GEN,Technology,Software - Infrastructure,5.8,6.28,5.3,0.03,-2.27,6.64,78.27,27.58,26.32,24.51,0.46,17.91,0.96,-0.05,6.064,28.73
BLK,Financial Services,Asset Management,5.76,5.8,3.26,-8.67,-3.3,2.97,78.07,955.47,904.47,832.27,0.78,-3.84,40.24,2.05,125.635,23.74
LOW,Consumer Cyclical,Home Improvement Retail,5.69,4.2,0.51,-16.59,-3.76,-7.38,77.87,273.07,254.29,239.24,0.7,35.49,12.11,11.46,146.893,22.56
MET,Financial Services,Insurance - Life,5.68,6.15,-0.76,-10.14,2.57,1.82,77.67,84.07,77.67,73.85,0.74,34.65,3.68,1.92,94.102,22.84
BKNG,Consumer Cyclical,Travel Services,5.63,3.84,-1.53,0.68,1.81,10.55,77.36,4286.31,3925.18,3793.76,0.51,21.37,142.51,3.83,647.782,30.08
PANW,Technology,Software - Infrastructure,5.63,-1.23,3.7,5.28,-8.38,16.48,77.36,368.24,344.82,319.5,0.66,-130.25,7.29,8.3,25.149,50.51
BX,Financial Services,Asset Management,5.44,7.91,4.17,-8.32,4.68,14.69,77.06,149.32,144.95,132.16,0.52,-16.29,2.63,6.06,13.642,56.79
HLT,Consumer Cyclical,Lodging,5.26,5.07,2.91,2.99,12.75,9.86,76.76,235.92,221.41,212.91,0.58,38.79,4.74,7.01,18.125,49.77
SHW,Basic Materials,Specialty Chemicals,5.26,4.74,9.19,-12.44,5.78,8.03,76.76,375.76,367.27,333.32,0.48,40.08,9.82,8.23,90.886,38.26
NI,Utilities,Utilities - Regulated Gas,5.22,8.53,10.68,-8.33,-11.1,-8.31,76.46,33.72,33.3,30.23,0.44,-117.4,1.63,-21.32,12.084,20.68
STX,Technology,Computer Hardware,5.12,5.34,3.9,9.23,8.87,10.28,76.26,107.84,103.06,97.9,0.77,510.91,1.58,14.41,31.344,68.24
APD,Basic Materials,Specialty Chemicals,5.1,-4.29,-6.39,-18.79,-24.36,-13.5,76.06,313.57,284.92,265.39,1.71,5.47,11.52,-2.16,54.414,27.22
MAS,Industrials,Building Products & Equipment,4.88,4.52,5.43,-13.43,11.42,7.93,75.86,83.33,79.76,74.24,0.48,11.48,4.09,5.36,35.486,20.37
EMN,Basic Materials,Specialty Chemicals,4.83,4.34,-0.54,-6.87,4.44,-1.34,75.65,110.26,103.45,100.27,0.67,1.75,7.43,2.53,77.616,14.84
RF,Financial Services,Banks - Regional,4.82,4.77,8.2,-8.98,-2.55,-5.45,75.45,22.99,22.46,20.78,0.51,14.59,1.78,-3.98,7.114,12.91
ETN,Industrials,Specialty Industrial Machinery,4.7,4.42,-3.97,5.89,29.1,9.88,75.15,336.64,311.48,316.02,0.43,6.05,9.1,4.42,60.418,36.99
NDAQ,Financial Services,Financial Data & Stock Exchanges,4.7,5.87,13.36,-6.29,0.29,-5.54,75.15,71.76,71.61,64.92,0.88,-15.75,1.72,8.51,11.99,41.7
ICE,Financial Services,Financial Data & Stock Exchanges,4.66,7.08,13.08,-2.13,2.36,4.15,74.85,160.05,159.53,145.28,0.57,-6.33,4.03,6.56,15.444,39.71
DELL,Technology,Computer Hardware,4.61,2.6,-5.86,33.26,68.23,27.0,74.65,124.01,112.99,124.06,0.36,-20.2,5.43,8.2,129.078,22.84
MKTX,Financial Services,Capital Markets,4.37,4.04,2.85,-24.05,-22.29,-11.6,74.45,274.88,252.29,224.64,0.47,-4.09,6.94,0.83,20.649,39.61
PNC,Financial Services,Banks - Regional,4.36,4.97,9.25,-3.95,3.77,8.03,74.25,182.52,179.43,166.03,0.62,10.64,11.93,-10.12,50.934,15.3
PSA,Real Estate,REIT - Industrial,4.09,5.32,12.22,-9.91,-12.01,-3.68,74.04,342.48,343.21,303.11,0.52,-3.21,10.68,0.46,26.54,32.06
IFF,Basic Materials,Specialty Chemicals,3.97,2.61,13.19,3.39,-6.66,-11.29,73.84,102.59,101.59,95.49,0.59,440.73,-9.22,1.36,44.357,
MS,Financial Services,Capital Markets,3.82,4.27,-1.21,-2.21,-5.48,-1.7,73.64,107.99,101.89,98.27,0.58,17.6,6.08,5.66,34.931,17.76
IP,Consumer Cyclical,Packaging & Containers,3.77,7.86,11.97,0.62,-2.31,-1.97,73.44,46.9,47.77,43.72,0.82,358.37,1.31,1.18,53.577,35.8
HPE,Technology,Communication Equipment,3.76,3.94,-7.22,3.66,-3.52,-2.51,73.24,20.65,18.95,18.85,0.5,6.17,1.41,5.47,22.238,14.65
SO,Utilities,Utilities - Regulated Electric,3.72,6.24,10.71,-5.06,-12.54,-5.55,73.04,88.57,88.32,80.77,0.63,-7.36,4.19,-2.72,23.899,21.14
HD,Consumer Cyclical,Home Improvement Retail,3.69,3.73,-2.88,-13.89,-3.41,1.55,72.84,410.47,380.3,359.6,0.77,20.75,14.9,12.75,153.47,27.54
GM,Consumer Cyclical,Auto Manufacturers,3.53,0.11,10.61,7.2,10.26,-5.29,72.64,47.62,46.92,45.8,0.82,2.62,8.9,6.93,143.45,5.35
STT,Financial Services,Asset Management,3.38,1.71,2.95,-12.15,-7.67,-3.63,72.43,89.21,85.03,79.22,0.7,58.86,5.42,5.01,39.316,16.46
HPQ,Technology,Computer Hardware,3.35,1.71,1.66,-0.6,-14.03,-6.74,72.23,36.76,35.14,33.51,0.54,-13.69,2.85,0.61,53.955,12.9
TDG,Industrials,Aerospace & Defense,3.15,3.07,6.3,4.46,15.4,7.78,72.03,1367.12,1342.15,1292.74,0.44,14.87,27.05,6.79,131.763,50.54
KLAC,Technology,Semiconductor Equipment & Materials,3.13,3.36,-0.19,23.35,15.0,9.43,71.83,791.99,777.86,759.36,0.52,-7.47,20.28,3.91,72.498,39.05
AAPL,Technology,Consumer Electronics,3.07,2.65,6.16,5.47,-18.37,-4.45,71.63,228.56,225.28,205.4,0.48,-20.6,6.56,-13.19,24.957,34.84
ECL,Basic Materials,Specialty Chemicals,2.87,1.87,6.61,2.06,6.26,3.09,71.43,255.35,248.7,238.94,0.56,11.74,5.96,1.17,54.818,42.84
UBER,Technology,Software - Application,2.85,-1.04,-0.0,2.4,29.41,25.09,71.23,77.94,73.2,70.9,0.86,97.07,0.92,6.04,19.36,84.72
ALLE,Industrials,Security & Protection Services,2.84,4.33,2.79,-15.59,0.77,1.53,71.03,144.3,138.57,129.23,0.93,5.53,6.29,4.3,41.926,22.95
ATO,Utilities,Utilities - Regulated Gas,2.81,4.29,3.32,-14.06,-11.62,-5.86,70.82,138.25,133.83,123.34,0.69,-60.56,6.76,-46.73,27.161,20.45
MCO,Financial Services,Financial Data & Stock Exchanges,2.75,1.6,12.5,1.12,-1.73,3.57,70.62,468.73,474.86,431.22,0.93,16.25,10.12,7.61,35.869,46.32
SPGI,Financial Services,Financial Data & Stock Exchanges,2.74,2.76,9.41,-5.4,-5.24,3.65,70.42,515.01,508.69,463.64,0.6,19.31,10.53,6.13,42.159,48.89
KEY,Financial Services,Banks - Regional,2.69,3.9,4.59,-7.74,9.87,6.26,70.22,16.72,16.41,15.3,0.38,26.94,0.76,-1.77,6.178,21.99
ALL,Financial Services,Insurance - Property & Casualty,2.54,5.73,11.39,-3.14,17.95,14.48,70.02,186.15,184.99,173.28,0.82,22.09,10.97,3.43,229.416,16.97
ADP,Technology,Software - Application,2.53,2.15,1.52,-16.15,-8.82,-6.11,69.82,286.66,274.0,255.52,0.6,12.56,9.09,-1.48,46.767,31.52
DAL,Industrials,Airlines,2.35,1.57,-8.11,-6.44,1.38,-3.51,69.62,49.97,44.83,46.9,0.9,13.31,6.97,9.35,94.006,7.16
J,Industrials,Engineering & Construction,2.34,5.11,-6.43,-13.79,-0.82,-6.87,69.42,136.61,126.27,121.83,0.69,-13.29,5.08,-0.94,134.766,26.89
CINF,Financial Services,Insurance - Property & Casualty,2.33,6.03,10.0,-8.68,0.51,-7.1,69.22,134.46,134.38,124.08,0.73,-75.29,13.63,-5.42,67.917,9.86
TSLA,Consumer Cyclical,Auto Manufacturers,2.19,5.85,-7.98,0.17,-35.15,-0.49,69.01,240.67,228.1,202.21,0.7,-114.88,3.57,6.21,29.932,67.41
ADSK,Technology,Software - Application,2.11,0.75,-1.24,-5.79,-2.82,0.64,68.81,276.01,260.3,242.03,0.51,6.24,4.87,4.28,27.063,56.68
SWK,Industrials,Tools & Accessories,1.92,3.14,-0.98,-23.89,-6.76,0.19,68.61,106.55,102.4,93.36,0.48,589.93,-1.81,2.49,103.832,
LEN,Consumer Cyclical,Residential Construction,1.72,4.68,11.4,-11.78,12.41,15.97,68.41,178.54,180.39,167.06,0.65,9.92,15.05,2.49,132.561,11.87
CTLT,Healthcare,Drug Manufacturers - Specialty & Generic,1.7,2.18,7.58,-0.69,7.93,-13.86,68.21,60.55,60.07,57.63,0.5,184.57,-5.76,17.98,24.204,
SPG,Real Estate,REIT - Retail,1.68,3.78,8.19,-5.3,6.05,9.93,68.01,167.39,164.9,154.16,0.45,-33.22,7.87,-0.99,17.898,21.27
IR,Industrials,Specialty Industrial Machinery,1.66,5.01,-3.17,0.83,17.54,8.64,67.81,98.61,93.6,92.98,0.61,-13.79,2.02,1.83,17.409,48.81
ABBV,Healthcare,Drug Manufacturers - General,1.49,2.18,8.0,-8.67,-2.7,0.08,67.61,193.77,194.16,177.8,0.71,-0.69,3.0,4.37,31.1,64.59
CPT,Real Estate,REIT - Residential,1.45,3.53,10.95,-7.09,-16.57,-14.53,67.4,118.76,122.31,110.95,0.47,-131.05,3.65,-0.81,14.347,32.54
EIX,Utilities,Utilities - Regulated Electric,1.34,5.06,12.22,-9.85,-9.87,-3.12,67.2,83.42,85.11,77.31,0.63,166.1,2.49,2.3,43.807,33.5
BLDR,Industrials,Building Products & Equipment,1.22,2.89,-2.91,-26.51,24.79,25.56,67.0,190.7,179.96,172.64,0.44,-2.4,11.35,3.85,139.54,16.79
EXR,Real Estate,REIT - Industrial,1.12,1.37,11.15,-3.61,-8.1,1.11,66.8,170.07,173.56,157.79,0.74,-12.87,3.66,1.94,15.509,46.47
CMS,Utilities,Utilities - Regulated Electric,1.06,4.24,5.63,-12.59,-11.8,-7.92,66.6,69.31,68.57,63.41,0.69,-27.76,3.26,-16.02,25.156,21.26
EFX,Industrials,Consulting Services,1.03,1.99,13.26,-6.78,2.4,4.58,66.4,283.07,293.5,262.41,0.54,8.94,4.69,3.89,44.291,60.38
JPM,Financial Services,Banks - Diversified,0.9,0.88,8.59,4.02,10.68,8.93,66.2,212.52,212.5,203.4,0.58,33.68,17.95,16.75,55.323,11.83
IT,Technology,Information Technology Services,0.84,0.83,1.74,-5.94,6.63,10.3,66.0,516.79,498.35,467.51,0.49,8.61,10.52,4.43,77.373,49.12
AEE,Utilities,Utilities - Regulated Electric,0.77,2.84,2.18,-19.46,-19.19,-17.48,65.79,86.02,84.0,76.93,1.1,-17.1,4.43,-6.93,26.23,19.42
WYNN,Consumer Cyclical,Resorts & Casinos,0.74,1.6,-23.26,-21.76,-5.1,-13.02,65.49,104.73,84.79,90.16,0.83,-96.24,7.76,-3.35,63.692,13.5
HBAN,Financial Services,Banks - Regional,0.74,-0.37,4.24,-8.93,3.54,1.56,65.49,14.88,14.48,13.91,0.69,10.28,1.06,-0.8,4.632,14.04
APH,Technology,Electronic Components,0.54,-1.99,1.06,15.36,14.38,4.08,65.09,64.49,64.45,63.68,0.6,-3.24,1.68,7.01,11.174,38.39
LNT,Utilities,Utilities - Regulated Electric,0.54,2.65,5.46,-11.74,-16.59,-8.78,65.09,59.08,58.77,53.8,0.82,-13.01,2.45,-12.24,15.51,24.11
DECK,Consumer Cyclical,Footwear & Accessories,0.48,7.09,0.15,11.67,24.48,16.1,64.79,158.17,156.34,154.32,0.81,-103.67,5.21,-35.21,28.777,30.36
TXN,Technology,Semiconductors,0.45,1.05,4.42,1.17,-12.0,-10.45,64.59,202.39,203.19,192.45,0.53,-21.12,5.78,-6.06,17.684,35.01
EXPE,Consumer Cyclical,Travel Services,0.4,1.29,-5.0,-14.4,-2.75,21.82,64.39,150.43,140.06,130.05,0.61,96.05,5.55,6.5,96.863,27.1
GILD,Healthcare,Drug Manufacturers - General,0.21,-0.42,-2.78,-23.21,-21.88,-4.04,64.19,85.15,80.2,72.6,0.56,504.13,0.82,-0.77,22.298,103.84
FCX,Basic Materials,Copper,0.14,2.76,-13.88,5.47,10.3,-3.61,63.88,49.53,45.2,47.83,0.58,24.5,1.33,6.58,17.188,37.27
LHX,Industrials,Aerospace & Defense,0.14,1.34,0.84,-3.15,-5.45,-2.29,63.88,241.97,233.5,224.47,0.49,20.2,6.25,1.27,109.491,38.74
TFC,Financial Services,Banks - Regional,0.11,0.64,7.2,-3.57,2.38,0.43,63.58,42.44,42.6,40.06,0.62,249.22,-5.1,-315.98,10.66,
PAYX,Technology,Software - Application,0.01,-0.14,-1.83,-16.03,-9.0,-6.37,63.28,139.14,131.94,125.37,0.47,-7.13,4.68,-1.5,14.747,29.73
BKR,Energy,Oil & Gas Equipment & Services,0.01,0.19,-6.64,-12.01,-8.04,-5.18,63.28,37.87,35.58,34.26,0.48,13.66,1.97,4.83,26.993,19.22
CB,Financial Services,Insurance - Property & Casualty,-0.07,2.68,8.41,-5.93,2.25,0.81,62.98,284.13,283.53,267.2,0.72,-11.18,23.64,2.5,131.832,12.01
ADI,Technology,Semiconductors,-0.09,-0.76,-1.31,3.32,-8.17,-6.48,62.78,230.85,225.47,218.89,0.48,-8.3,3.31,-5.69,19.544,69.73
AMCR,Consumer Cyclical,Packaging & Containers,-0.11,1.29,5.92,-13.67,-16.59,-12.4,62.58,11.09,11.02,10.19,0.43,10.23,0.5,2.86,9.479,22.19
KIM,Real Estate,REIT - Retail,-0.14,1.08,7.75,-13.68,-15.98,-1.86,62.27,22.76,22.95,20.56,0.51,23.0,0.54,4.42,2.953,42.15
GRMN,Technology,Scientific & Technical Instruments,-0.14,3.74,18.74,9.3,12.76,6.39,62.27,164.84,173.52,164.43,0.82,-25.32,7.14,5.89,29.466,23.09
TRMB,Technology,Scientific & Technical Instruments,-0.17,0.64,-7.7,-10.29,3.64,-8.61,61.97,61.83,57.45,57.43,0.49,-7.27,6.11,-3.11,15.054,10.12
DD,Basic Materials,Specialty Chemicals,-0.2,1.77,-3.23,-8.59,-8.47,-3.03,61.77,85.95,83.1,79.96,0.78,12.46,0.78,4.39,28.006,110.17
OMC,Communication Services,Advertising Agencies,-0.22,-0.05,3.58,-10.34,-5.83,-8.48,61.57,101.88,99.59,95.05,0.71,-12.36,7.23,1.13,76.554,14.09
COF,Financial Services,Credit Services,-0.24,2.33,-0.44,-4.37,10.77,14.53,61.37,150.72,144.73,142.25,0.66,-94.65,10.63,-0.16,68.115,14.17
COO,Healthcare,Medical Instruments & Supplies,-0.27,-0.04,7.14,-18.9,-6.12,-6.15,61.17,106.11,103.7,96.76,0.48,13.44,1.79,4.64,19.14,59.28
DUK,Utilities,Utilities - Regulated Electric,-0.31,1.01,9.54,-8.4,-9.91,-4.13,60.97,112.96,114.45,105.84,1.05,-28.48,5.84,-5.55,38.355,19.34
RVTY,Healthcare,Diagnostics & Research,-0.34,2.58,0.19,-16.29,-19.29,-16.27,60.66,120.58,121.31,111.99,0.57,27.84,1.6,1.36,21.924,75.36
AVB,Real Estate,REIT - Residential,-0.34,1.8,9.37,-4.59,-12.23,-5.95,60.66,216.99,222.48,204.98,0.47,17.55,5.92,1.41,20.159,36.62
WEC,Utilities,Utilities - Regulated Electric,-0.4,0.89,4.04,-18.92,-17.98,-10.99,60.36,94.38,93.25,85.41,0.8,37.04,4.33,-22.19,27.336,21.8
GEHC,Healthcare,Health Information Services,-0.44,0.8,-0.04,-13.28,0.93,-5.35,60.16,90.72,87.42,83.82,0.56,7.66,3.46,-1.64,42.85,26.22
PPL,Utilities,Utilities - Regulated Electric,-0.45,3.28,8.33,-10.81,-9.84,-5.26,59.96,31.51,31.93,29.44,0.72,26.31,1.13,-10.57,11.201,27.89
UNH,Healthcare,Healthcare Plans,-0.46,-1.01,5.2,-17.3,-21.18,-1.65,59.76,594.74,584.51,531.96,0.61,17.07,15.14,1.87,417.594,39.27
UDR,Real Estate,REIT - Residential,-0.48,2.61,7.34,-6.1,-16.53,-12.11,59.56,43.35,44.11,40.8,0.44,-31.05,0.41,-0.26,5.095,105.73
MSCI,Financial Services,Financial Data & Stock Exchanges,-0.54,-2.06,-2.51,-18.85,-9.22,-4.73,59.36,600.02,568.63,527.21,0.62,-14.05,14.93,3.94,34.167,40.19
GWW,Industrials,Industrial Distribution,-0.57,0.45,-1.19,-6.37,13.17,5.46,59.15,1028.38,998.44,964.03,0.7,1.37,36.45,2.16,339.453,28.21
MAR,Consumer Cyclical,Lodging,-0.61,-2.49,-7.68,-6.19,8.02,9.09,58.95,260.76,237.06,239.14,0.77,-22.51,9.98,5.48,22.135,26.12
AJG,Financial Services,Insurance Brokers,-0.69,1.27,8.87,-4.2,-6.56,-4.05,58.75,284.77,286.97,266.02,1.06,-3.91,5.13,0.6,47.862,55.51
MTD,Healthcare,Diagnostics & Research,-0.72,0.59,1.02,-5.37,-8.01,-20.56,58.55,1441.55,1422.7,1391.28,0.67,11.2,36.41,0.18,174.26,39.59
ESS,Real Estate,REIT - Residential,-0.73,1.46,11.46,-1.52,-9.34,-0.7,58.35,284.76,295.22,272.99,0.67,53.32,8.07,2.66,26.788,35.29
WAT,Healthcare,Diagnostics & Research,-0.84,-0.92,-2.02,-17.74,1.05,-3.59,58.15,354.71,341.73,326.03,0.68,-7.49,10.03,-2.3,48.453,35.37
C,Financial Services,Banks - Diversified,-0.94,-1.28,-0.15,7.53,12.54,7.46,57.95,63.29,61.07,61.84,0.49,60.32,3.62,0.14,36.461,17.48
AON,Financial Services,Insurance Brokers,-0.95,-2.1,2.15,-18.77,-13.48,-17.43,57.75,352.19,343.29,315.21,0.93,-30.35,12.42,5.59,69.504,28.36
AEP,Utilities,Utilities - Regulated Electric,-0.97,2.51,11.05,-7.62,-10.71,-9.17,57.55,97.28,100.08,92.62,0.57,-147.07,5.0,-7.66,37.153,19.45
ORLY,Consumer Cyclical,Specialty Retail,-0.98,-1.71,0.79,-10.9,0.93,-6.62,57.34,1167.47,1131.26,1080.45,0.55,3.1,39.79,1.51,274.891,29.34
TRV,Financial Services,Insurance - Property & Casualty,-0.99,1.07,7.41,-9.19,10.22,1.09,57.14,232.7,229.48,219.57,0.68,-75.45,15.79,1.58,192.627,14.74
MO,Consumer Defensive,Tobacco,-1.02,-0.51,12.56,-7.2,-15.57,-14.0,56.94,49.93,51.61,47.48,0.63,-3.35,5.8,2.51,11.571,8.61
TPR,Consumer Cyclical,Luxury Goods,-1.04,4.19,-2.72,-8.1,-1.26,-10.39,56.74,44.51,42.59,42.21,0.54,-45.55,3.5,-5.62,29.106,12.72
EQR,Real Estate,REIT - Residential,-1.06,1.15,8.32,-5.98,-12.51,-10.0,56.54,72.1,73.99,68.72,0.49,-36.97,2.45,-0.12,7.698,29.42
CL,Consumer Defensive,Household & Personal Products,-1.16,-1.46,14.91,2.29,-1.85,-3.08,56.34,99.88,103.4,97.06,0.77,0.26,3.43,0.42,24.292,29.12
DOV,Industrials,Specialty Industrial Machinery,-1.18,0.48,-0.65,-2.48,4.02,-6.35,56.14,186.67,184.46,181.19,1.06,-34.51,10.74,1.33,61.346,17.38
D,Utilities,Utilities - Regulated Electric,-1.19,3.87,8.01,-11.69,-13.08,-13.2,55.94,55.64,56.71,52.95,0.62,32.09,2.4,-1.63,17.266,23.2
JNPR,Technology,Communication Equipment,-1.25,-0.54,5.12,-0.94,5.0,-7.98,55.73,38.81,38.76,37.01,0.49,-84.81,0.71,-8.01,15.867,54.66
CF,Basic Materials,Agricultural Inputs,-1.35,0.76,-8.63,-23.76,-3.84,-4.28,55.53,88.19,82.76,78.59,0.63,60.78,5.63,6.03,31.284,15.66
CBOE,Financial Services,Financial Data & Stock Exchanges,-1.36,1.4,8.3,-14.33,-1.48,8.41,55.23,205.4,206.61,187.99,0.84,-3.05,7.21,1.49,36.067,28.51
IVZ,Financial Services,Asset Management,-1.36,-0.23,-6.67,-17.05,-7.66,1.31,55.23,17.62,16.92,16.04,0.67,251.74,-0.74,1.29,12.796,
RSG,Industrials,Waste Management,-1.37,-2.2,5.51,0.22,4.96,3.72,54.93,203.43,203.25,195.26,0.83,5.44,5.96,5.34,49.366,34.12
PNW,Utilities,Utilities - Regulated Electric,-1.4,1.55,6.82,-12.6,-16.25,-11.7,54.73,85.51,87.76,80.66,0.55,28.46,5.42,6.27,43.054,15.78
NOC,Industrials,Aerospace & Defense,-1.41,0.37,1.84,-17.85,-12.86,-5.52,54.53,527.21,518.42,477.62,0.5,-1.73,15.38,-0.54,272.669,34.28
MKC,Consumer Defensive,Packaged Foods,-1.42,0.12,7.94,-15.38,-13.85,-21.19,54.33,79.69,80.73,75.59,0.58,9.24,2.94,-0.19,24.876,27.11
MAA,Real Estate,REIT - Residential,-1.49,0.26,9.29,-10.62,-19.63,-16.9,54.12,152.17,157.76,143.3,0.44,-30.54,4.4,-0.28,18.634,34.56
XOM,Energy,Oil & Gas Integrated,-1.55,-0.41,-6.36,-10.56,-1.43,-13.56,53.92,123.52,117.45,116.43,0.67,-0.53,8.36,4.86,84.406,14.78
BAC,Financial Services,Banks - Diversified,-1.6,-0.45,2.99,5.82,6.29,4.57,53.72,39.9,39.52,39.17,0.54,12.75,2.85,2.44,11.891,14.0
WTW,Financial Services,Insurance Brokers,-1.73,-1.12,5.74,-6.54,0.75,-4.78,53.52,290.32,287.48,271.16,0.73,-95.08,10.37,-11.38,94.039,28.0
TJX,Consumer Cyclical,Apparel Retail,-1.77,0.47,7.67,1.96,-4.66,-0.08,53.32,112.53,115.7,107.93,0.73,-10.7,4.13,-4.05,48.964,27.25
OTIS,Industrials,Specialty Industrial Machinery,-1.84,0.02,-7.42,-6.56,-1.54,-4.85,53.12,103.01,96.75,96.69,0.58,11.2,3.58,0.77,34.873,28.78
DTE,Utilities,Utilities - Regulated Electric,-1.92,0.73,3.44,-11.97,-11.33,-6.65,52.82,124.08,124.33,116.68,0.81,-2.93,6.69,-8.6,60.18,18.55
KO,Consumer Defensive,Beverages - Non-Alcoholic,-1.92,-0.13,7.37,-7.95,-13.02,-8.79,52.82,69.2,70.55,65.41,0.61,-13.19,2.46,5.62,10.768,28.13
MA,Financial Services,Credit Services,-1.95,-1.54,-0.37,-9.67,1.55,-0.65,52.52,497.26,482.63,464.43,0.57,-2.3,13.1,4.71,28.225,37.96
DOC,Real Estate,REIT - Healthcare Facilities,-1.98,1.64,6.59,-10.07,-15.63,-13.93,52.31,21.4,22.05,20.35,0.41,75.8,0.48,13.89,4.024,44.56
TER,Technology,Semiconductor Equipment & Materials,-2.02,0.22,-0.67,20.37,-7.6,-6.96,52.11,128.16,130.24,129.66,0.48,44.57,3.04,7.16,17.518,42.18
KDP,Consumer Defensive,Beverages - Non-Alcoholic,-2.04,-1.69,4.83,-12.32,-15.74,-11.38,51.91,36.4,36.44,34.16,0.99,-6.87,1.56,3.35,10.9,23.33
DLR,Real Estate,REIT - Specialty,-2.08,-2.77,-2.49,-3.25,0.83,4.61,51.71,158.74,154.63,149.07,0.42,-306.33,3.48,-1.41,17.272,45.62
LVS,Consumer Cyclical,Resorts & Casinos,-2.14,-1.17,-22.31,-26.88,-12.44,-14.35,51.51,52.15,43.61,44.81,0.78,-14.38,2.13,-4.3,15.169,24.49
PRU,Financial Services,Insurance - Life,-2.37,-0.9,-3.3,-2.91,5.37,3.17,51.31,121.65,117.92,117.13,0.59,65.48,7.83,-5.35,171.697,15.54
O,Real Estate,REIT - Retail,-2.42,-0.86,5.4,-15.85,-17.68,-10.15,51.01,61.19,61.65,56.72,0.57,7.17,1.08,12.63,6.01,56.66
PFG,Financial Services,Asset Management,-2.42,-2.38,-8.73,-13.25,-2.63,-3.7,51.01,87.57,81.87,81.54,0.5,-51.0,5.26,9.35,65.993,16.65
VRTX,Healthcare,Biotechnology,-2.43,-5.96,2.87,3.47,-4.15,11.68,50.7,474.14,473.36,456.31,0.74,-2848.96,-1.97,1.57,40.075,
EVRG,Utilities,Utilities - Regulated Electric,-2.48,-0.26,4.15,-13.81,-16.54,-13.82,50.5,59.11,59.9,55.83,0.71,-13.76,3.2,1.96,24.492,18.47
PCG,Utilities,Utilities - Regulated Electric,-2.63,-1.38,6.08,-13.5,-13.66,-2.39,50.3,19.5,19.41,18.22,0.58,-6.05,1.17,-4.28,11.635,16.68
ROL,Consumer Cyclical,Personal Services,-2.66,-1.57,4.43,2.66,-3.51,-0.06,50.1,49.52,49.58,47.76,0.57,11.97,0.95,9.01,6.659,52.13
AMZN,Consumer Cyclical,Internet Retail,-2.88,-2.51,-4.11,9.89,15.31,8.69,49.9,186.89,181.04,182.97,0.64,17.64,4.18,-2.9,58.221,44.72
CLX,Consumer Defensive,Household & Personal Products,-2.9,-0.45,7.33,-19.78,-14.59,-13.67,49.6,158.21,157.74,145.42,0.52,-1742.92,2.25,6.51,57.121,70.32
NTRS,Financial Services,Asset Management,-2.9,-3.01,-1.32,-9.34,-1.71,-4.34,49.6,90.99,88.97,86.23,0.61,134.78,7.29,41.48,37.07,12.48
WRB,Financial Services,Insurance - Property & Casualty,-3.05,-1.63,5.13,-7.18,12.6,6.22,49.3,57.95,58.01,55.3,0.84,-6.24,3.8,2.79,31.861,15.25
CAH,Healthcare,Medical Distribution,-3.15,-5.03,0.5,-17.12,0.15,10.19,49.09,114.53,110.58,104.5,0.58,7.42,3.45,4.49,925.824,33.18
INCY,Healthcare,Biotechnology,-3.23,0.51,-4.29,-16.19,-21.22,-9.64,48.89,65.05,64.2,60.44,0.44,-2250.29,0.41,7.44,17.316,158.66
AIZ,Financial Services,Insurance - Property & Casualty,-3.37,0.76,4.78,-13.71,5.31,12.42,48.69,190.15,192.07,179.31,0.75,-7.94,15.0,0.38,218.553,12.68
CMG,Consumer Cyclical,Restaurants,-3.43,-4.33,-3.37,11.93,17.87,6.34,48.39,58.1,55.74,58.71,0.42,25.88,1.02,10.72,7.763,56.98
REG,Real Estate,REIT - Retail,-3.43,-1.62,6.39,-13.79,-16.69,-4.02,48.39,69.69,71.52,64.81,0.49,-0.61,2.08,0.45,7.99,33.51
ED,Utilities,Utilities - Regulated Electric,-3.5,-2.17,3.21,-15.24,-14.34,-7.48,48.09,101.91,102.36,96.04,0.63,-161.33,5.15,-15.84,42.85,19.79
JKHY,Technology,Information Technology Services,-3.61,-2.74,-4.5,-13.52,-7.38,-4.19,47.89,181.08,172.77,168.97,0.53,2.95,5.23,0.28,30.405,34.62
RJF,Financial Services,Asset Management,-3.75,-2.77,-6.93,-8.24,6.5,0.59,47.69,126.31,119.58,120.87,0.62,1.37,8.86,3.13,59.223,14.26
KR,Consumer Defensive,Grocery Stores,-3.77,-2.12,-3.09,-8.1,5.85,-8.92,47.48,55.12,54.34,54.06,0.43,-68.94,3.82,-19.87,208.614,14.43
CRM,Technology,Software - Application,-3.79,-2.88,-12.48,-9.08,12.26,11.55,47.18,286.61,264.87,266.29,0.61,-1.03,5.73,1.49,37.632,50.02
DHR,Healthcare,Diagnostics & Research,-3.79,-2.07,2.16,-11.48,-4.31,-3.91,47.18,266.25,270.1,258.73,0.44,-18.58,5.44,8.04,31.877,48.94
BR,Technology,Information Technology Services,-3.83,-4.53,-3.04,-8.82,-1.28,8.99,46.88,217.52,211.77,204.79,0.56,42.16,5.87,18.72,55.283,37.06
EQIX,Real Estate,REIT - Specialty,-3.89,-3.38,-4.93,-17.19,-12.1,-3.43,46.68,874.06,851.02,797.26,0.4,12.77,10.96,1.31,85.009,79.75
FANG,Energy,Oil & Gas E&P,-3.92,-4.37,-6.85,3.81,16.62,-1.47,46.48,195.93,187.92,195.19,1.64,-6.73,19.32,6.34,49.524,10.14
MCD,Consumer Cyclical,Restaurants,-3.93,-3.5,-3.35,-22.12,-18.19,-5.43,46.28,303.25,291.82,273.72,0.51,-5.16,11.42,-0.1,35.631,26.55
FE,Utilities,Utilities - Regulated Electric,-3.99,-1.14,6.43,-11.1,-11.46,-8.77,46.08,42.3,43.41,40.55,0.65,-462.3,1.56,-1.14,22.674,27.12
SRE,Utilities,Utilities - Diversified,-4.0,-2.37,2.35,-9.52,-15.14,-5.45,45.88,81.38,81.75,77.15,0.62,-7.13,4.68,-12.69,21.326,17.39
XYL,Industrials,Specialty Industrial Machinery,-4.03,-4.28,-2.7,0.93,3.99,-0.91,45.67,134.68,133.08,134.85,0.58,16.03,3.24,2.53,34.747,41.57
KMB,Consumer Defensive,Household & Personal Products,-4.04,-4.27,5.12,-5.81,-14.0,-13.78,45.47,141.5,142.72,137.43,0.61,-8.2,6.75,-1.62,60.098,20.95
CRWD,Technology,Software - Infrastructure,-4.1,-9.13,-17.27,33.47,35.8,44.11,45.27,310.98,274.67,309.55,0.56,5.65,0.69,8.84,14.55,450.41
MMC,Financial Services,Insurance Brokers,-4.23,-4.49,3.14,-6.86,-6.08,-4.28,45.07,223.19,224.32,214.09,0.81,9.25,8.05,4.79,47.98,27.73
CSCO,Technology,Communication Equipment,-4.24,-5.71,-10.22,-20.67,-16.9,-9.84,44.87,53.48,50.57,48.57,0.44,-35.37,2.54,0.62,13.308,21.06
WFC,Financial Services,Banks - Diversified,-4.26,-4.96,-4.02,3.88,11.57,6.95,44.67,57.69,55.69,57.71,0.52,6.83,4.88,-0.96,21.92,11.82
FSLR,Technology,Solar,-4.37,8.54,5.21,7.52,-12.17,-15.8,44.47,204.68,226.48,218.78,1.05,23.19,11.19,6.57,35.211,18.31
ACN,Technology,Information Technology Services,-4.61,-3.76,-5.18,-21.16,-10.06,2.17,44.27,359.89,341.54,321.59,0.64,8.21,11.43,1.35,103.363,31.47
USB,Financial Services,Banks - Regional,-4.65,-4.03,1.81,-13.89,1.71,6.8,44.06,44.64,44.78,42.63,0.56,20.25,3.15,-0.44,16.125,14.17
MDT,Healthcare,Medical Devices,-4.66,-5.13,1.5,-18.01,-10.95,-5.68,43.86,88.97,87.93,83.61,0.42,-7.25,2.97,-3.7,24.709,29.95
AMT,Real Estate,REIT - Specialty,-4.67,-1.77,10.74,-11.14,-13.27,0.52,43.66,217.95,227.52,205.52,0.56,41.64,5.32,1.5,24.308,40.97
LIN,Basic Materials,Specialty Chemicals,-4.73,-4.44,-1.2,-8.95,2.83,1.06,43.46,468.17,466.13,451.19,0.74,-0.19,13.15,-0.06,67.917,35.63
LUV,Industrials,Airlines,-4.74,-2.02,-2.66,-20.19,-17.82,-13.83,43.26,30.45,28.74,27.98,0.48,1332.37,0.13,8.52,45.316,234.23
TDY,Technology,Scientific & Technical Instruments,-4.75,-5.54,-5.53,-19.43,-11.62,-3.36,42.96,444.64,428.37,408.96,0.73,-24.88,18.4,-1.81,117.496,24.17
VZ,Communication Services,Telecom Services,-4.75,-1.64,-2.3,-4.9,0.56,0.92,42.96,43.02,42.63,41.28,0.51,60.37,2.66,-3.14,31.849,16.17
AMGN,Healthcare,Drug Manufacturers - General,-4.78,-5.11,0.68,-3.96,-9.77,10.66,42.66,321.15,326.04,310.29,0.5,-7.96,5.8,8.08,57.659,55.34
SYK,Healthcare,Medical Devices,-4.93,-5.0,3.12,-6.29,2.6,-4.06,42.35,353.24,353.81,344.37,0.61,-7.42,8.96,0.59,56.25,39.42
AMAT,Technology,Semiconductor Equipment & Materials,-4.93,-4.91,-12.03,21.09,20.32,2.37,42.35,203.1,196.44,208.88,0.44,-11.78,8.9,0.16,32.344,22.81
MRO,Energy,Oil & Gas E&P,-4.94,-3.15,-6.74,-6.79,3.62,-11.49,42.05,28.42,27.69,27.72,0.74,-4.74,2.56,0.78,11.315,11.1
VRSK,Industrials,Consulting Services,-4.97,-5.62,1.21,-1.73,-14.16,-1.24,41.75,267.55,267.45,257.47,0.61,32.29,6.23,2.5,19.287,42.95
CTVA,Basic Materials,Agricultural Inputs,-4.97,-1.69,-2.07,-12.66,-5.92,-21.24,41.75,56.46,56.12,55.17,0.5,361.69,1.26,43.85,24.07,44.83
WM,Industrials,Waste Management,-5.01,-6.09,-1.71,-1.08,4.33,0.08,41.45,211.42,207.46,208.55,0.7,4.5,6.28,2.21,52.186,33.67
BMY,Healthcare,Drug Manufacturers - General,-5.04,-2.71,-9.86,-34.6,-22.6,-23.77,41.25,52.49,49.87,46.72,0.61,199.23,-3.25,4.28,22.871,
XEL,Utilities,Utilities - Regulated Electric,-5.1,-3.01,0.36,-21.55,-23.13,-8.29,41.05,62.35,62.08,57.06,0.62,-58.02,3.35,-14.32,24.853,18.61
FRT,Real Estate,REIT - Retail,-5.14,-3.93,5.41,-12.02,-10.21,-4.76,40.85,110.31,113.92,106.31,0.58,51.91,3.41,0.78,14.23,32.31
KEYS,Technology,Scientific & Technical Instruments,-5.22,-4.94,-8.31,-18.35,-7.36,-10.37,40.64,156.33,148.43,145.59,0.54,67.96,5.2,-3.58,28.589,30.06
AZO,Consumer Cyclical,Specialty Retail,-5.24,-6.53,0.71,-10.81,2.93,-7.54,40.44,3083.56,3119.06,3017.91,0.59,-1.51,149.44,-6.9,1068.246,20.63
CPRT,Industrials,Specialty Business Services,-5.44,-9.21,-10.43,-5.45,6.32,1.43,40.14,55.24,51.94,53.55,1.04,4.46,1.4,0.12,4.41,39.45
DGX,Healthcare,Diagnostics & Research,-5.44,-3.2,3.9,-8.94,-14.27,-4.69,40.14,147.68,152.48,143.16,0.63,6.41,7.41,1.79,83.821,19.93
GD,Industrials,Aerospace & Defense,-5.49,-3.69,0.05,-5.42,8.54,1.82,39.84,295.88,298.15,293.34,0.51,-1.15,12.81,5.78,164.479,23.1
CPB,Consumer Defensive,Packaged Foods,-5.5,-6.01,8.72,-9.83,-15.56,-15.67,39.64,47.72,49.74,46.55,0.55,-34.59,1.89,-5.86,32.336,25.25
EMR,Industrials,Specialty Industrial Machinery,-5.59,-4.77,-11.96,-5.95,6.44,-2.52,39.44,110.69,105.35,109.48,0.51,-32.27,2.96,2.48,29.685,37.4
ABT,Healthcare,Medical Devices,-5.61,-7.84,-1.9,-15.62,-8.95,-3.01,39.24,115.79,113.05,108.61,0.76,-9.78,3.17,1.12,23.402,36.52
MTCH,Communication Services,Internet Content & Information,-5.62,-2.8,-4.68,-30.3,-21.92,-14.88,39.03,36.47,36.36,33.71,0.76,-22.93,2.3,-1.25,12.878,15.86
TMO,Healthcare,Diagnostics & Research,-5.65,-4.4,3.11,-13.35,-4.47,-8.61,38.83,592.5,606.31,583.98,0.64,-2.8,16.12,-1.24,110.276,36.74
VICI,Real Estate,REIT - Diversified,-5.66,-4.73,3.21,-19.67,-16.37,-7.79,38.63,32.13,32.75,30.29,0.47,8.45,2.55,1.41,3.623,12.6
A,Healthcare,Diagnostics & Research,-5.68,-4.28,-3.93,-15.31,-0.01,-6.93,38.43,143.43,141.18,139.23,0.4,-27.67,4.81,-3.74,22.269,29.83
CZR,Consumer Cyclical,Resorts & Casinos,-5.78,-4.26,-18.42,-28.27,-19.54,-14.38,38.23,43.73,39.55,38.34,0.57,-76.57,-1.29,-1.38,52.858,
EOG,Energy,Oil & Gas E&P,-5.83,-5.37,-10.97,-13.64,-2.12,-9.49,38.03,132.23,126.38,127.14,0.55,-12.52,12.95,-0.35,41.849,10.21
HOLX,Healthcare,Medical Instruments & Supplies,-6.0,-5.55,1.04,-13.25,-9.74,-13.26,37.83,80.0,81.18,77.72,0.63,9.62,2.93,0.65,16.715,27.3
AMD,Technology,Semiconductors,-6.03,-1.07,-16.29,5.46,17.22,21.5,37.63,163.48,152.77,158.48,0.83,-32.61,0.84,-0.53,14.399,194.44
CI,Healthcare,Healthcare Plans,-6.09,-8.02,0.67,-11.91,8.24,1.77,37.42,349.42,350.74,345.33,0.56,68.99,12.66,11.18,749.406,27.6
TGT,Consumer Defensive,Discount Stores,-6.12,-7.47,-2.39,-9.78,9.4,-8.56,37.22,155.91,151.3,154.34,0.56,3.36,9.68,-6.35,232.226,16.1
MU,Technology,Semiconductors,-6.18,-8.54,-17.44,26.66,43.59,14.49,37.02,105.6,98.4,114.01,0.64,497.07,0.7,22.65,22.725,150.81
AOS,Industrials,Specialty Industrial Machinery,-6.22,-5.22,-11.45,-10.97,3.04,3.58,36.82,86.74,83.07,84.34,0.74,7.13,3.87,3.48,26.541,22.41
SBAC,Real Estate,REIT - Specialty,-6.25,-5.08,1.42,-24.2,-17.9,-6.3,36.62,232.86,231.28,212.15,0.67,24.54,4.76,-2.09,24.783,48.94
AIG,Financial Services,Insurance - Diversified,-6.28,-6.29,-6.33,-6.16,8.64,7.25,36.42,76.31,74.25,75.55,0.65,-1727.17,5.25,-60.39,66.622,14.53
HON,Industrials,Conglomerates,-6.31,-10.16,-8.44,-7.07,-12.07,-4.72,36.22,212.89,203.71,204.17,1.18,4.56,8.76,1.8,56.964,24.31
GIS,Consumer Defensive,Packaged Foods,-6.33,-3.21,3.85,-19.12,-14.65,-20.69,36.02,71.32,72.39,69.28,0.59,-5.35,4.2,-5.2,34.796,16.98
ZTS,Healthcare,Drug Manufacturers - Specialty & Generic,-6.36,-6.42,-2.4,-15.58,-19.4,2.03,35.81,190.25,188.14,175.83,0.63,4.32,5.1,5.13,19.458,37.29
EXC,Utilities,Utilities - Regulated Electric,-6.38,-4.86,-5.88,-22.05,-16.52,-17.87,35.61,39.49,38.98,37.43,0.44,-37.79,2.42,-6.9,22.773,16.32
ES,Utilities,Utilities - Regulated Electric,-6.47,-3.7,4.13,-17.92,-20.08,-17.95,35.41,63.61,66.33,61.96,0.59,1504.48,-0.29,-13.62,32.351,
KVUE,Consumer Defensive,Household & Personal Products,-6.86,-3.06,4.94,-23.35,-19.64,-11.61,35.21,21.31,22.25,20.23,0.5,-386.26,0.57,2.59,8.08,37.38
GOOGL,Communication Services,Internet Content & Information,-6.93,-3.97,-8.29,13.45,1.41,3.92,34.91,162.28,162.09,167.28,0.71,5.6,6.98,2.45,26.353,23.25
CME,Financial Services,Financial Data & Stock Exchanges,-6.93,-5.62,-3.02,-18.53,-8.73,-6.54,34.91,221.04,215.17,208.36,0.75,4.12,9.08,4.47,16.113,24.33
PG,Consumer Defensive,Household & Personal Products,-6.94,-6.7,2.15,-8.36,-10.48,-9.31,34.61,168.78,171.42,166.79,0.77,-6.29,6.03,-3.13,35.608,27.99
L,Financial Services,Insurance - Property & Casualty,-7.05,-5.25,0.42,-8.77,2.53,5.69,34.41,78.0,79.16,77.32,0.71,1.04,6.82,1.1,74.742,11.44
GOOG,Communication Services,Internet Content & Information,-7.09,-3.99,-8.39,13.33,1.6,4.46,34.21,163.46,163.51,168.73,0.62,5.6,6.96,2.45,26.353,23.49
DE,Industrials,Farm & Heavy Construction Machinery,-7.17,-6.17,-8.36,-20.48,-7.5,-8.43,34.0,403.6,390.26,387.01,0.45,-19.34,29.32,-7.53,200.394,13.77
SBUX,Consumer Cyclical,Restaurants,-7.37,-5.34,-6.82,-29.18,-22.6,-15.54,33.7,94.44,93.26,84.92,0.3,1.14,3.57,-0.77,32.094,26.46
FAST,Industrials,Industrial Distribution,-7.37,-7.4,-7.71,-14.61,9.74,1.01,33.7,70.34,68.87,68.36,0.89,-1.94,2.01,2.55,12.965,35.0
WDC,Technology,Computer Hardware,-7.41,-3.87,-5.58,21.05,38.41,11.03,33.4,64.25,64.62,69.39,0.57,268.5,-2.61,14.98,39.887,
AWK,Utilities,Utilities - Regulated Water,-7.44,-3.13,2.76,-13.23,-22.76,-13.95,33.2,136.46,143.01,133.93,0.81,3.54,4.9,4.63,22.297,27.85
TSN,Consumer Defensive,Farm Products,-7.54,-7.3,9.96,-10.28,-2.44,-7.83,33.0,58.6,61.62,59.6,0.44,157.43,-0.06,-0.2,150.296,
BALL,Consumer Cyclical,Packaging & Containers,-7.66,-4.42,-0.82,-11.87,4.26,-3.31,32.8,64.17,64.84,65.32,0.66,-556.85,2.19,-9.01,44.046,29.3
NSC,Industrials,Railroads,-7.72,-6.22,0.14,-17.56,-1.63,-3.65,32.6,244.65,245.96,237.8,0.48,61.41,7.89,-0.11,53.493,31.01
CCI,Real Estate,REIT - Specialty,-7.92,-6.89,2.65,-19.64,-18.33,-10.03,32.39,110.47,113.37,105.01,0.74,-21.46,2.73,-2.4,15.208,40.46
TFX,Healthcare,Medical Instruments & Supplies,-8.02,-6.12,1.36,-16.72,-18.18,-6.28,32.19,235.09,241.06,223.02,0.6,18.5,5.58,-1.11,63.91,42.13
PTC,Technology,Software - Application,-8.2,-8.3,-10.83,-2.16,5.85,8.6,31.99,180.43,175.82,178.57,0.56,-9.82,2.45,-7.75,18.588,73.62
REGN,Healthcare,Biotechnology,-8.48,-7.23,10.22,0.56,-1.1,5.94,31.79,1001.65,1118.14,1037.31,0.81,28.56,37.75,5.8,125.831,26.53
STLD,Basic Materials,Steel,-8.49,-8.43,-16.39,-9.6,15.67,-2.32,31.59,128.49,120.29,128.78,0.58,-17.67,12.54,1.31,113.044,10.25
NWS,Communication Services,Entertainment,-8.5,-6.78,-0.3,0.95,4.44,16.15,31.39,27.09,28.1,27.41,0.7,-112.93,0.46,0.98,17.656,58.87
TEL,Technology,Electronic Components,-8.52,-9.26,-5.6,-6.05,-4.68,-6.22,31.19,147.04,148.11,147.82,0.62,-52.52,11.18,-0.15,51.172,13.15
QCOM,Technology,Semiconductors,-8.55,-7.41,-6.86,21.42,17.39,3.84,30.99,167.98,168.73,181.01,0.53,-5.02,7.81,-0.2,33.459,21.49
CNP,Utilities,Utilities - Regulated Electric,-8.63,-5.4,-11.69,-8.15,-14.24,-7.39,30.78,29.49,27.88,28.88,0.85,-27.93,1.62,-13.23,13.516,18.2
EA,Communication Services,Electronic Gaming & Multimedia,-8.64,-8.17,-2.21,-9.69,-12.79,-1.18,30.58,142.03,145.32,138.42,0.51,-4.83,4.26,-10.71,27.181,33.33
EG,Financial Services,Insurance - Reinsurance,-8.75,-5.67,-7.37,-16.91,-10.74,-7.51,30.38,393.11,386.88,381.36,1.91,-4.32,68.02,3.98,371.48,5.78
JNJ,Healthcare,Drug Manufacturers - General,-8.81,-9.01,-2.74,-19.47,-16.74,-7.97,30.18,160.5,162.63,154.82,0.59,-99.11,6.6,2.91,35.536,24.32
SNA,Industrials,Tools & Accessories,-8.82,-8.66,-9.46,-19.71,-6.02,-1.86,29.98,286.6,281.33,276.98,0.6,2.28,19.26,-0.64,96.856,14.88
PFE,Healthcare,Drug Manufacturers - General,-8.84,-11.75,-9.4,-20.0,-29.31,-26.41,29.78,29.42,28.91,28.34,1.06,1247.07,-0.46,-5.53,9.757,
V,Financial Services,Credit Services,-8.99,-8.31,-2.69,-10.06,-2.57,0.84,29.58,276.4,275.19,273.42,0.39,-0.25,9.33,1.57,17.446,29.62
CTSH,Technology,Information Technology Services,-9.01,-5.74,-2.72,-17.11,-10.25,0.99,29.38,74.57,76.2,71.58,0.51,0.71,4.39,-0.1,38.569,16.99
ITW,Industrials,Specialty Industrial Machinery,-9.05,-8.44,-9.49,-18.75,-6.26,-1.16,29.18,256.95,251.03,248.54,0.52,-3.22,10.19,-0.22,53.433,25.21
BWA,Consumer Cyclical,Auto Parts,-9.12,-8.75,-14.08,-25.5,-20.62,-20.41,28.97,34.85,33.71,33.89,0.32,31.88,3.33,-0.32,62.424,10.47
AVY,Consumer Cyclical,Packaging & Containers,-9.23,-9.14,-3.05,-6.78,1.78,-0.58,28.77,214.86,216.14,218.92,0.59,9.2,7.79,3.22,106.709,27.58
FTV,Technology,Scientific & Technical Instruments,-9.26,-9.64,-13.44,-17.7,-0.16,-6.74,28.57,77.2,74.02,75.69,0.44,-15.43,2.49,0.08,17.506,31.01
FDS,Financial Services,Financial Data & Stock Exchanges,-9.33,-9.01,-11.85,-17.66,-13.3,-1.74,28.37,454.99,435.15,429.0,0.53,20.31,13.9,0.69,57.885,32.73
WY,Real Estate,REIT - Specialty,-9.4,-8.95,-12.1,-26.39,-5.84,-2.18,28.17,32.74,31.79,31.31,0.61,-10.22,1.02,2.18,10.315,32.1
MSFT,Technology,Software - Infrastructure,-9.49,-9.04,-6.56,6.25,5.22,6.41,27.97,415.51,418.56,424.33,0.69,-3.01,11.81,4.82,32.986,35.18
NWSA,Communication Services,Entertainment,-9.75,-8.06,-0.65,1.31,4.31,13.42,27.77,25.74,26.9,26.47,0.61,-112.93,0.46,0.98,17.656,55.96
TECH,Healthcare,Biotechnology,-10.09,-7.94,-7.74,-15.04,-21.49,-14.06,27.57,73.06,74.36,74.31,0.52,8.79,1.05,4.83,7.349,69.58
VTRS,Healthcare,Drug Manufacturers - Specialty & Generic,-10.13,-7.7,-5.28,-17.38,-1.06,7.68,27.36,11.31,11.61,11.33,0.38,-106.7,-0.54,-0.51,12.737,
ANSS,Technology,Software - Application,-10.15,-13.35,-12.41,-10.83,-6.12,2.87,27.16,327.76,319.39,324.34,0.75,-25.43,5.64,1.43,26.712,58.11
PCAR,Industrials,Farm & Heavy Construction Machinery,-10.19,-10.1,-14.58,-11.77,19.0,6.39,26.96,103.63,97.31,104.97,0.58,-13.56,9.43,-1.38,67.263,10.99
PEP,Consumer Defensive,Beverages - Non-Alcoholic,-10.29,-12.68,-4.02,-17.48,-15.88,-12.72,26.76,172.63,173.02,172.37,0.91,22.23,6.78,0.67,66.912,25.46
NDSN,Industrials,Specialty Industrial Machinery,-10.32,-10.51,-8.78,-20.49,-1.3,-1.31,26.56,252.9,250.63,249.99,0.73,-3.9,8.2,-1.5,46.641,30.84
STE,Healthcare,Medical Devices,-10.34,-8.27,-0.48,-14.04,-13.89,-5.13,26.36,225.59,236.27,226.19,0.88,41.63,5.66,-1.11,52.969,39.86
IQV,Healthcare,Diagnostics & Research,-10.45,-10.22,0.1,-18.54,-1.84,-3.71,26.16,229.67,239.58,232.5,0.59,-1.0,7.71,-0.14,83.155,29.77
FMC,Basic Materials,Agricultural Inputs,-10.56,-5.1,-7.68,-27.22,-34.82,-41.72,25.96,60.17,63.04,60.73,0.7,-20.69,11.7,-0.19,32.689,5.15
GL,Financial Services,Insurance - Life,-10.6,-10.46,-10.66,-35.17,-17.32,-1.49,25.75,106.05,102.44,91.43,0.38,-1.67,11.06,5.54,60.496,9.59
AME,Industrials,Specialty Industrial Machinery,-10.8,-9.7,-8.66,-12.48,1.08,-1.72,25.55,168.29,167.34,170.19,0.68,-1.89,5.74,0.87,29.544,29.32
ROST,Consumer Cyclical,Apparel Retail,-10.81,-7.64,1.66,-4.04,-0.27,7.38,25.35,141.08,149.12,143.7,0.73,-0.36,6.2,-0.53,63.575,22.75
MDLZ,Consumer Defensive,Confectioners,-10.93,-10.24,-1.07,-18.03,-17.37,-4.87,25.15,71.09,72.45,69.7,0.56,-65.15,2.91,-8.61,26.58,24.41
INTU,Technology,Software - Application,-11.17,-12.0,-6.31,-0.9,3.85,12.32,24.95,617.57,629.65,628.62,0.73,74.97,10.44,-28.67,58.161,59.15
SCHW,Financial Services,Capital Markets,-11.25,-13.56,-11.44,-2.4,5.54,1.45,24.75,66.75,64.38,69.65,0.77,6.17,2.4,0.63,10.087,27.81
CSX,Industrials,Railroads,-11.29,-11.01,-9.58,-14.26,-4.02,0.26,24.55,34.42,34.06,34.21,0.6,6.22,1.83,0.76,7.447,18.81
VMC,Basic Materials,Building Materials,-11.3,-11.87,-10.61,-9.74,7.95,1.29,24.35,243.48,244.55,254.24,0.69,32.15,6.91,-1.89,57.166,35.24
CMCSA,Communication Services,Telecom Services,-11.32,-11.96,-12.58,-23.29,-16.24,-4.63,24.14,41.38,40.16,39.75,0.64,3.97,3.76,0.01,30.316,11.0
TXT,Industrials,Aerospace & Defense,-11.37,-10.35,-6.85,-10.81,10.39,-0.74,23.94,85.82,87.58,88.81,0.79,11.72,4.73,0.71,71.645,18.14
YUM,Consumer Cyclical,Restaurants,-11.42,-9.1,-6.62,-15.46,-9.73,-9.89,23.74,133.29,135.16,135.45,0.56,-9.46,5.46,-1.56,25.24,24.41
TTWO,Communication Services,Electronic Gaming & Multimedia,-11.43,-12.3,-5.13,-12.93,-9.25,7.5,23.54,153.25,153.14,151.92,0.41,0.53,-22.31,-1.74,31.629,
UNP,Industrials,Railroads,-11.59,-10.93,-1.8,-15.64,-4.37,4.33,23.34,237.49,244.97,239.0,0.62,0.26,10.65,-1.02,39.632,22.3
DAY,Technology,Software - Application,-11.6,-12.24,-20.54,-33.43,-20.93,-15.56,22.94,62.0,57.92,56.91,0.45,-877.92,0.3,2.95,10.418,206.63
ROP,Technology,Software - Application,-11.6,-10.91,-5.89,-7.57,-5.66,0.97,22.94,540.94,547.48,546.45,0.71,-10.94,13.38,3.65,61.5,40.43
MLM,Basic Materials,Building Materials,-11.6,-12.83,-11.33,-8.14,17.09,8.18,22.94,533.31,532.55,562.34,0.49,-75.88,33.2,5.83,107.248,16.06
LH,Healthcare,Diagnostics & Research,-11.65,-11.01,-3.31,-16.56,-11.64,0.25,22.43,214.49,223.46,212.39,0.54,81.23,5.39,2.39,147.173,39.79
FDX,Industrials,Integrated Freight & Logistics,-11.65,-12.63,-1.08,-1.78,-4.23,-4.89,22.43,263.93,277.51,274.93,0.49,-29.42,16.2,-2.28,355.699,16.29
CHD,Consumer Defensive,Household & Personal Products,-11.66,-10.81,-2.44,-6.28,-6.76,-6.05,22.13,100.25,102.46,104.05,0.58,13.48,3.24,-0.03,24.518,30.94
BAX,Healthcare,Medical Instruments & Supplies,-11.72,-14.27,-4.19,-22.11,-8.46,-12.25,21.93,37.49,37.86,37.09,0.77,-299.7,-0.3,0.87,29.551,
DRI,Consumer Cyclical,Restaurants,-11.81,-6.65,-6.14,-19.95,-13.63,-3.67,21.73,156.04,157.41,153.08,0.63,-21.85,8.67,-4.33,95.695,18.0
NXPI,Technology,Semiconductors,-11.85,-11.94,-10.04,5.24,2.85,-1.8,21.53,235.12,240.82,252.15,0.48,-7.96,10.68,-6.58,51.066,22.03
CAG,Consumer Defensive,Packaged Foods,-11.9,-11.27,3.46,-16.85,-11.96,-21.55,21.33,29.31,31.08,30.22,0.57,25.76,1.02,-7.62,24.944,28.72
CVS,Healthcare,Healthcare Plans,-11.94,-15.56,-22.25,-30.39,-9.71,0.53,21.13,67.18,59.78,61.96,0.85,-2.93,5.62,-0.34,284.365,11.95
EXPD,Industrials,Integrated Freight & Logistics,-11.96,-12.36,-7.85,-11.55,-13.87,1.99,20.93,120.96,122.09,120.93,0.89,3.28,4.67,6.25,63.267,25.9
JBL,Technology,Electronic Components,-12.02,-12.64,-24.48,-23.72,6.46,13.5,20.72,122.07,111.32,115.93,0.62,-161.26,11.17,-13.06,235.972,10.93
IPG,Communication Services,Advertising Agencies,-12.03,-12.52,-7.59,-22.21,-17.52,-13.48,20.52,30.98,31.29,30.88,0.82,-21.78,2.7,-1.43,24.757,11.47
CHTR,Communication Services,Telecom Services,-12.11,-14.07,-12.74,-27.1,-36.92,-11.23,20.32,330.7,339.52,307.12,0.47,4.69,31.33,-0.59,374.922,10.56
PSX,Energy,Oil & Gas Refining & Marketing,-12.22,-10.87,-13.36,-9.22,25.1,14.15,20.12,136.97,134.15,142.34,0.48,-25.52,11.65,-0.37,350.463,11.76
COR,Healthcare,Medical Distribution,-12.24,-12.83,-1.3,-8.57,8.13,8.28,19.92,221.91,232.29,231.86,0.68,-9.2,9.22,3.82,1420.79,24.07
CDNS,Technology,Software - Application,-12.32,-15.89,-18.36,1.98,6.67,2.32,19.72,280.39,270.71,287.13,0.57,-17.93,3.86,1.15,15.43,72.61
CVX,Energy,Oil & Gas Integrated,-12.47,-12.85,-17.49,-14.84,-9.71,-13.92,19.52,150.92,145.98,154.11,0.53,-7.14,10.1,-0.15,105.466,14.94
POOL,Industrials,Industrial Distribution,-12.48,-11.74,-13.45,-29.25,-4.53,-2.42,19.32,360.83,356.37,357.78,0.54,65.25,11.89,31.07,139.948,30.35
VLO,Energy,Oil & Gas Refining & Marketing,-12.62,-12.93,-14.63,-6.81,22.97,-7.48,19.11,143.14,141.79,153.72,0.72,-64.36,17.66,-0.25,400.985,8.11
DOW,Basic Materials,Chemicals,-12.65,-9.82,-13.77,-16.98,-2.37,-6.62,18.91,53.63,53.03,55.0,0.6,49.22,1.62,0.66,61.128,33.11
TROW,Financial Services,Asset Management,-12.79,-12.08,-14.02,-9.78,-6.21,-10.97,18.71,107.63,106.99,112.38,0.73,-3.64,8.46,1.21,30.401,12.72
AES,Utilities,Utilities - Diversified,-12.83,-5.15,-13.94,-13.76,-14.66,-16.68,18.51,17.45,17.92,18.26,0.61,-61.26,1.05,-6.49,18.158,16.62
MPC,Energy,Oil & Gas Refining & Marketing,-12.89,-10.18,-8.99,-9.04,32.15,4.94,18.31,167.03,170.49,178.51,0.78,-12.95,19.07,1.81,402.631,8.76
SNPS,Technology,Software - Infrastructure,-12.94,-18.54,-20.48,3.08,4.85,2.85,18.11,533.83,513.97,550.46,0.64,5.43,9.68,-2.87,42.471,55.12
BDX,Healthcare,Medical Instruments & Supplies,-12.95,-12.19,-11.54,-20.96,-15.07,-12.62,17.91,235.4,236.65,236.26,0.55,35.06,4.98,-0.14,68.368,47.27
CDW,Technology,Information Technology Services,-13.02,-13.63,-13.3,-15.46,7.96,-0.25,17.71,223.38,222.12,228.3,0.49,-23.58,8.17,-5.85,156.057,27.34
SYY,Consumer Defensive,Food Distribution,-13.03,-10.9,-2.35,-18.08,-8.73,-5.18,17.51,73.76,76.45,75.31,0.57,-6.45,3.89,-6.51,157.298,18.96
KHC,Consumer Defensive,Packaged Foods,-13.04,-13.22,-5.97,-20.97,-9.62,-5.28,17.3,34.7,35.23,35.08,0.47,-393.55,1.56,-2.4,21.571,22.25
SJM,Consumer Defensive,Packaged Foods,-13.16,-12.6,-7.03,-23.62,-23.57,-16.49,17.1,116.58,118.89,116.18,0.46,8.79,7.08,-0.78,80.881,16.47
ODFL,Industrials,Trucking,-13.27,-14.23,-14.35,-21.16,1.38,-4.12,16.9,193.59,194.35,192.8,0.58,-1.31,5.83,-1.07,27.434,33.21
HSIC,Healthcare,Medical Distribution,-13.33,-12.7,-11.67,-23.27,-15.76,-12.13,16.7,69.9,70.41,70.22,0.25,-10.33,2.71,-0.35,96.666,25.79
EQT,Energy,Oil & Gas E&P,-13.47,-13.17,-21.73,-20.54,-17.57,-5.62,16.5,36.62,34.09,36.47,0.74,-1990.42,1.53,-29.18,10.535,23.94
PLD,Real Estate,REIT - Industrial,-13.57,-10.16,-2.08,-17.41,-11.04,-1.24,16.3,117.83,124.99,118.31,0.72,19.04,3.03,2.59,8.759,38.88
LYB,Basic Materials,Specialty Chemicals,-13.64,-11.71,-11.15,-16.61,-3.53,-5.57,16.1,94.58,95.94,97.63,0.59,-24.65,7.11,2.11,126.268,13.3
INVH,Real Estate,REIT - Residential,-13.7,-11.14,-3.11,-8.52,-9.85,-6.22,15.69,33.53,35.6,35.2,0.83,-65.43,0.78,2.04,4.115,42.97
MCK,Healthcare,Medical Distribution,-13.7,-17.31,-9.53,4.12,5.98,7.56,15.69,507.07,521.38,551.19,0.5,22.23,22.39,0.27,2380.96,22.65
IEX,Industrials,Specialty Industrial Machinery,-13.7,-12.17,-15.46,-22.06,-2.32,-9.81,15.69,207.34,203.84,211.51,0.47,-5.75,7.64,0.41,42.168,27.14
AKAM,Technology,Software - Infrastructure,-13.75,-15.17,-16.31,-26.34,-10.1,10.49,15.29,103.0,100.63,97.96,0.49,-23.56,4.03,-1.03,25.911,25.55
HSY,Consumer Defensive,Confectioners,-13.9,-11.98,-4.97,-20.2,-21.99,-24.56,15.09,187.39,195.3,193.55,0.59,-154.83,9.03,-33.54,53.983,20.75
ELV,Healthcare,Healthcare Plans,-14.21,-14.2,-0.28,-6.01,-5.38,-5.21,14.89,492.37,531.96,529.26,0.91,35.13,28.57,0.86,735.1,17.23
VRSN,Technology,Software - Infrastructure,-14.29,-13.88,-13.4,-22.84,-21.33,-14.49,14.69,185.35,182.68,180.59,0.51,-7.03,8.33,0.52,15.107,22.25
COP,Energy,Oil & Gas E&P,-14.32,-12.81,-16.58,-17.53,3.02,-4.2,14.49,112.17,109.58,115.79,0.51,-16.12,8.98,-4.41,49.114,12.49
ARE,Real Estate,REIT - Office,-14.38,-13.92,-8.17,-13.63,-6.52,-5.39,14.29,114.52,118.15,119.42,0.68,-92.93,0.81,1.21,17.539,141.21
KMX,Consumer Cyclical,Auto & Truck Dealerships,-14.4,-12.24,-0.6,-16.59,-5.06,-7.77,14.08,71.28,78.18,75.89,0.77,24.89,2.66,7.48,175.937,26.79
ROK,Industrials,Specialty Industrial Machinery,-14.56,-14.97,-15.71,-20.62,-16.7,-4.33,13.88,267.59,264.93,269.07,0.44,-12.12,8.8,-7.99,76.883,30.41
LRCX,Technology,Semiconductor Equipment & Materials,-14.69,-15.05,-18.87,17.67,20.68,11.26,13.68,82.19,80.89,90.82,0.46,-0.07,2.9,3.09,11.343,28.34
HII,Industrials,Aerospace & Defense,-14.7,-12.06,-2.71,-15.02,6.48,5.16,13.48,250.88,265.78,263.17,0.51,-10.52,18.84,0.33,296.599,13.32
MGM,Consumer Cyclical,Resorts & Casinos,-14.99,-13.49,-21.78,-12.14,-4.35,-2.55,13.28,39.76,38.12,40.89,0.61,10.88,2.66,0.66,51.696,14.96
CNC,Healthcare,Healthcare Plans,-15.05,-14.11,-11.57,-20.51,-9.85,2.72,13.08,71.22,75.12,73.36,0.69,60.71,5.31,0.09,269.487,13.41
HRL,Consumer Defensive,Packaged Foods,-15.18,-14.45,-8.99,-23.82,-15.97,-23.82,12.88,31.03,31.93,32.69,0.56,-14.64,1.43,-4.14,21.882,21.71
HES,Energy,Oil & Gas E&P,-15.39,-15.46,-21.51,-15.4,-5.46,-7.4,12.68,139.88,135.03,146.1,0.43,11.62,8.59,2.38,39.432,16.29
STZ,Consumer Defensive,Beverages - Brewers,-15.4,-12.81,-8.37,-11.55,-6.14,-5.15,12.47,239.29,246.7,253.93,0.95,-945.1,3.13,13.78,55.75,76.45
HST,Real Estate,REIT - Hotel & Motel,-16.13,-14.28,-15.62,-16.67,0.1,7.0,12.27,17.5,17.43,18.15,0.55,24.18,1.06,6.44,7.764,16.5
QRVO,Technology,Semiconductors,-16.18,-15.35,-9.14,-1.58,-0.91,-5.08,12.07,101.12,106.98,109.02,0.49,1714.24,-0.28,-13.73,41.376,
ABNB,Consumer Cyclical,Travel Services,-16.19,-18.43,-25.48,-7.82,5.38,-0.5,11.87,133.51,122.04,141.47,0.49,-120.17,7.34,3.83,16.466,18.18
ON,Technology,Semiconductors,-16.36,-14.92,-17.89,-21.45,-27.74,-17.26,11.67,69.86,72.64,71.37,0.49,-45.65,4.39,-13.14,18.17,15.93
PPG,Basic Materials,Specialty Chemicals,-16.39,-15.61,-14.81,-21.37,-12.97,-2.18,11.47,127.24,126.65,129.97,0.73,43.89,6.1,5.15,76.821,20.86
DIS,Communication Services,Entertainment,-16.43,-14.55,-16.88,-12.05,10.86,-10.06,11.27,93.17,91.3,100.36,0.68,117.76,2.61,2.07,49.209,35.7
BG,Consumer Defensive,Farm Products,-16.66,-14.66,-11.66,-9.8,-7.38,-11.12,11.07,95.65,97.96,102.99,0.65,-253.06,8.8,-6.2,385.206,10.86
CE,Basic Materials,Chemicals,-16.73,-15.2,-22.0,-18.26,9.82,14.2,10.87,134.4,129.86,142.71,0.69,-214.02,17.67,-0.33,96.769,7.61
SWKS,Technology,Semiconductors,-16.9,-16.11,-10.77,-10.76,-11.08,-10.53,10.66,95.87,101.87,102.15,0.62,-65.59,4.84,-21.51,27.324,19.81
GPC,Consumer Cyclical,Auto Parts,-17.05,-15.36,-13.8,-21.85,-12.92,-19.72,10.46,133.58,138.17,144.01,0.69,-5.28,8.64,2.19,165.736,15.46
MNST,Consumer Defensive,Beverages - Non-Alcoholic,-17.06,-16.04,-16.75,-22.14,-13.17,-3.72,10.26,50.35,49.1,51.67,0.53,-1.06,1.6,2.13,7.105,31.48
IDXX,Healthcare,Diagnostics & Research,-17.21,-16.06,-12.72,-16.65,-8.91,1.64,10.06,471.71,488.54,495.53,0.67,-6.48,10.06,5.26,45.612,46.89
CTRA,Energy,Oil & Gas E&P,-17.24,-16.4,-20.49,-16.04,-5.8,-9.43,9.86,24.5,23.91,26.13,0.43,-48.76,1.73,-8.74,7.43,14.17
DPZ,Consumer Cyclical,Restaurants,-17.33,-14.03,-13.18,0.24,13.92,4.04,9.66,409.98,421.05,466.42,1.43,-0.08,16.24,-5.86,132.32,25.25
DVN,Energy,Oil & Gas E&P,-17.45,-18.71,-18.34,-14.91,-2.94,-17.16,9.46,42.93,42.54,46.62,0.72,6.83,5.53,0.32,23.32,7.76
TAP,Consumer Defensive,Beverages - Brewers,-18.18,-15.89,-13.69,-29.84,-6.55,-5.78,9.26,54.41,54.69,56.25,0.5,45.25,5.45,7.88,55.941,9.98
ADBE,Technology,Software - Infrastructure,-18.46,-18.2,-5.3,-8.13,-18.38,10.59,9.05,504.34,537.21,516.23,0.99,24.03,11.81,2.47,46.482,42.72
MOH,Healthcare,Healthcare Plans,-18.47,-17.53,-14.63,-27.39,-2.01,11.27,8.85,326.22,341.96,339.31,0.49,10.32,18.23,5.47,623.212,17.89
UPS,Industrials,Integrated Freight & Logistics,-18.5,-19.97,-20.13,-23.94,-19.02,-15.3,8.65,133.12,129.4,137.79,0.43,4.57,6.13,-3.36,104.497,21.72
MRK,Healthcare,Drug Manufacturers - General,-18.6,-18.34,-8.06,-5.85,-0.62,-1.21,8.45,109.46,114.71,123.08,0.67,55.8,5.4,2.35,24.652,20.27
JBHT,Industrials,Integrated Freight & Logistics,-19.31,-19.76,-15.56,-26.99,-9.56,-5.36,8.25,164.78,169.07,169.04,0.6,-13.12,5.81,-6.14,119.778,28.36
APTV,Consumer Cyclical,Auto Parts,-19.5,-20.78,-22.0,-30.13,-29.08,-23.32,8.05,70.93,70.32,73.68,0.48,1.47,13.25,0.29,72.061,5.35
F,Consumer Cyclical,Auto Manufacturers,-19.54,-20.38,-17.9,-8.44,-5.4,-11.93,7.85,10.65,10.72,11.85,0.58,28.04,0.96,5.23,45.189,11.1
SLB,Energy,Oil & Gas Equipment & Services,-19.57,-18.95,-26.47,-24.87,-8.89,-10.61,7.65,44.79,43.3,46.7,0.7,-2.24,3.06,3.21,24.629,14.64
CSGP,Real Estate,Real Estate Services,-19.67,-20.41,-13.49,-24.37,0.47,-5.45,7.44,74.63,75.96,80.73,0.61,-167.93,0.52,3.52,6.406,143.49
OXY,Energy,Oil & Gas E&P,-19.84,-18.77,-22.17,-14.37,-1.19,-12.38,7.24,54.79,54.65,60.38,0.7,-2.24,3.86,-4.24,30.612,14.19
PAYC,Technology,Software - Application,-20.05,-18.58,-25.23,-43.73,-30.75,-34.57,7.04,162.75,163.71,166.51,0.51,-75.84,8.28,-2.42,31.193,19.66
NUE,Basic Materials,Steel,-20.18,-19.91,-23.72,-21.79,7.37,-1.08,6.84,150.91,147.12,163.57,0.72,-32.5,13.88,-2.0,133.72,10.87
MCHP,Technology,Semiconductors,-20.52,-19.77,-20.19,-7.2,-7.4,-5.24,6.64,76.9,78.48,86.22,0.56,-167.51,2.51,-33.47,12.201,30.64
ADM,Consumer Defensive,Farm Products,-20.78,-18.17,-16.21,-23.33,-23.48,-16.49,6.44,56.98,59.64,61.01,0.61,-39.29,5.02,-0.55,171.202,11.35
ALB,Basic Materials,Specialty Chemicals,-21.37,-23.14,-42.81,-40.82,-35.03,-36.5,6.24,103.18,89.35,104.56,0.97,784.57,-4.72,-31.15,63.514,
ENPH,Technology,Solar,-21.5,-16.4,-11.34,-29.07,-27.01,-33.31,6.04,98.94,112.16,113.17,0.79,-199.8,0.93,-17.83,10.449,106.47
ALGN,Healthcare,Medical Instruments & Supplies,-21.58,-18.01,-23.2,-26.82,-7.23,-19.42,5.84,230.0,237.04,258.97,0.5,-18.35,5.89,3.54,52.116,39.08
ZBH,Healthcare,Medical Devices,-21.64,-20.4,-17.45,-22.17,-11.11,-12.31,5.63,102.97,108.26,113.76,0.66,-5.04,4.79,-6.26,36.369,21.5
CRL,Healthcare,Diagnostics & Research,-22.33,-22.64,-20.52,-20.4,4.73,-1.29,5.43,191.42,197.87,217.5,0.71,8.81,8.35,-0.15,79.341,22.93
EW,Healthcare,Medical Devices,-23.02,-26.28,-21.87,-0.76,0.67,-15.64,5.23,68.3,67.69,80.31,0.65,-2.51,2.54,-9.02,10.272,26.89
HAL,Energy,Oil & Gas Equipment & Services,-23.29,-23.25,-28.24,-24.41,-1.29,-9.68,5.03,30.83,30.17,34.16,0.62,3.04,3.01,-0.15,26.016,10.25
NKE,Consumer Cyclical,Footwear & Accessories,-23.59,-23.93,-22.95,-35.39,-27.22,-16.83,4.83,82.24,82.5,85.83,0.66,-27.93,3.49,-8.69,33.122,23.57
GPN,Industrials,Specialty Business Services,-24.23,-24.67,-14.88,-30.39,-6.4,4.07,4.63,98.92,106.01,107.71,0.71,4.57,5.45,3.0,38.357,18.15
PARA,Communication Services,Entertainment,-24.69,-24.27,-25.39,-22.37,-28.09,-20.78,4.43,10.43,10.59,11.26,0.41,-272.86,-8.74,-8.21,44.583,
LKQ,Consumer Cyclical,Auto Parts,-25.28,-24.01,-20.62,-26.22,-12.51,-18.64,4.23,38.33,40.26,43.24,0.86,-0.36,2.75,1.78,54.254,13.94
WST,Healthcare,Medical Instruments & Supplies,-25.31,-24.09,-22.09,-23.72,-6.27,-10.93,4.02,289.82,300.81,330.36,1.0,-19.87,7.02,-3.24,39.009,41.27
APA,Energy,Oil & Gas E&P,-25.39,-26.24,-30.51,-30.83,-14.58,-18.15,3.82,26.92,26.71,29.48,0.58,-60.12,9.24,12.61,27.708,2.91
MOS,Basic Materials,Agricultural Inputs,-25.67,-24.11,-26.65,-31.08,-19.87,-18.98,3.62,26.17,26.95,28.78,1.05,-369.59,0.75,-9.04,37.491,34.94
ULTA,Consumer Cyclical,Specialty Retail,-26.09,-21.86,-21.67,-23.98,-15.96,-7.4,3.42,360.67,372.53,396.61,0.54,-20.64,24.9,-11.71,234.543,14.48
BIIB,Healthcare,Drug Manufacturers - General,-26.49,-27.49,-20.13,-19.35,-31.77,-13.28,3.22,186.79,197.66,211.33,0.8,98.33,7.93,10.53,66.657,23.55
WBD,Communication Services,Entertainment,-26.78,-24.89,-29.19,-39.15,-36.13,-19.1,3.02,7.53,7.8,7.95,0.44,-233.48,-4.81,-3.62,16.35,
BEN,Financial Services,Asset Management,-27.91,-28.67,-29.52,-26.46,-10.4,-1.63,2.82,20.06,20.67,22.89,0.65,-30.27,1.61,2.01,16.418,12.46
EPAM,Technology,Information Technology Services,-29.16,-27.4,-23.27,-36.93,-11.4,-1.71,2.62,192.68,198.86,208.27,0.48,-6.58,6.99,-1.57,80.007,27.57
LW,Consumer Defensive,Packaged Foods,-29.76,-31.15,-35.89,-26.26,-32.41,-5.29,2.41,70.0,64.4,76.89,0.78,-24.55,4.26,1.67,44.72,16.43
EL,Consumer Defensive,Household & Personal Products,-32.59,-32.15,-37.68,-35.21,-22.36,-34.06,2.21,94.5,91.68,113.27,0.44,28.5,1.08,-1.61,43.476,87.5
BA,Industrials,Aerospace & Defense,-32.73,-29.4,-26.32,-22.27,-24.33,7.17,2.01,147.06,162.27,173.98,0.89,69.4,-5.65,-9.84,120.339,
SMCI,Technology,Computer Hardware,-32.89,-39.67,-39.23,39.44,125.91,30.77,1.81,46.17,47.83,71.83,0.78,8.53,2.01,13.4,26.881,22.99
LULU,Consumer Cyclical,Apparel Retail,-35.66,-36.6,-39.28,-36.19,-24.03,19.0,1.61,272.75,263.12,302.89,0.64,23.96,12.94,-6.13,79.374,21.1
INTC,Technology,Semiconductors,-42.68,-44.43,-52.86,-27.95,-10.75,25.26,1.41,23.13,21.32,29.0,0.44,-763.79,0.24,-8.19,13.022,96.4
HUM,Healthcare,Healthcare Plans,-43.02,-45.76,-18.88,-24.87,-40.44,-14.24,1.21,248.61,320.66,340.54,1.03,65.25,14.21,4.66,919.632,17.5
DG,Consumer Defensive,Discount Stores,-43.19,-42.01,-41.4,-19.27,-8.22,-27.71,1.01,82.28,95.39,123.12,0.48,2.66,6.43,2.13,180.613,12.79
DXCM,Healthcare,Medical Devices,-43.86,-44.74,-42.6,-15.17,4.9,0.89,0.8,69.15,70.09,102.44,0.63,-22.37,1.61,1.29,10.088,42.96
DLTR,Consumer Defensive,Discount Stores,-47.35,-46.32,-48.55,-27.04,-14.59,-8.35,0.6,69.09,79.64,103.41,0.41,293.85,-4.81,-5.72,142.439,
MRNA,Healthcare,Biotechnology,-48.76,-46.42,-34.34,-2.81,-15.86,-17.52,0.4,57.1,72.15,104.94,0.61,12.39,-15.35,-566.7,13.22,
WBA,Healthcare,Pharmaceutical Retailers,-55.47,-57.43,-57.66,-55.55,-35.07,-21.59,0.2,8.98,9.46,13.72,0.68,503.32,-6.74,-0.89,168.626,
AMTM,,,,,,,,,,,,,,-8.55,,-4.19,,15.49
GEV,Utilities,Utilities - Renewable,,,,,,,,,,,,641.36,3.97,7.13,122.901,66.73
SOLV,Healthcare,Health Information Services,,,,,,,,,,,,-153.48,2.34,0.14,47.519,29.14
SW,Consumer Cyclical,Packaging & Containers,,,,,,,,,,,,-102.21,-1.82,-1.67,45.209,
